,contractSymbol,currency,contractSize,inTheMoney,impliedVolatility.raw,impliedVolatility.fmt,expiration.raw,expiration.fmt,expiration.longFmt,change.raw,change.fmt,strike.raw,strike.fmt,lastPrice.raw,lastPrice.fmt,openInterest.raw,openInterest.fmt,openInterest.longFmt,percentChange.raw,percentChange.fmt,ask.raw,ask.fmt,volume.raw,volume.fmt,volume.longFmt,lastTradeDate.raw,lastTradeDate.fmt,lastTradeDate.longFmt,bid.raw,bid.fmt
0,TSLA220715C00100000,USD,REGULAR,True,1.0000000000000003e-05,0.00%,1657843200,2022-07-15,2022-07-15T00:00,0,0.00,100.0,100.00,618.0,618.00,0,0,0,0,0.00%,0.0,0.00,5.0,5,5,1657202474,2022-07-07,2022-07-07T14:01,0.0,0.00
1,TSLA220715C00120000,USD,REGULAR,True,1.0000000000000003e-05,0.00%,1657843200,2022-07-15,2022-07-15T00:00,0,0.00,120.0,120.00,630.15,630.15,0,0,0,0,0.00%,0.0,0.00,1.0,1,1,1656338708,2022-06-27,2022-06-27T14:05,0.0,0.00
2,TSLA220715C00140000,USD,REGULAR,True,1.0000000000000003e-05,0.00%,1657843200,2022-07-15,2022-07-15T00:00,0,0.00,140.0,140.00,582.85,582.85,0,0,0,0,0.00%,0.0,0.00,,,,1655906547,2022-06-22,2022-06-22T14:02,0.0,0.00
3,TSLA220715C00160000,USD,REGULAR,True,1.0000000000000003e-05,0.00%,1657843200,2022-07-15,2022-07-15T00:00,0,0.00,160.0,160.00,570.5,570.50,0,0,0,0,0.00%,0.0,0.00,,,,1656356582,2022-06-27,2022-06-27T19:03,0.0,0.00
4,TSLA220715C00180000,USD,REGULAR,True,1.0000000000000003e-05,0.00%,1657843200,2022-07-15,2022-07-15T00:00,0,0.00,180.0,180.00,580.59,580.59,0,0,0,0,0.00%,0.0,0.00,1.0,1,1,1657290987,2022-07-08,2022-07-08T14:36,0.0,0.00
5,TSLA220715C00200000,USD,REGULAR,True,1.0000000000000003e-05,0.00%,1657843200,2022-07-15,2022-07-15T00:00,0,0.00,200.0,200.00,556.63,556.63,0,0,0,0,0.00%,0.0,0.00,2.0,2,2,1657306899,2022-07-08,2022-07-08T19:01,0.0,0.00
6,TSLA220715C00230000,USD,REGULAR,True,1.0000000000000003e-05,0.00%,1657843200,2022-07-15,2022-07-15T00:00,0,0.00,230.0,230.00,470.11,470.11,0,0,0,0,0.00%,0.0,0.00,10.0,10,10,1656446080,2022-06-28,2022-06-28T19:54,0.0,0.00
7,TSLA220715C00250000,USD,REGULAR,True,1.0000000000000003e-05,0.00%,1657843200,2022-07-15,2022-07-15T00:00,0,0.00,250.0,250.00,380.2,380.20,0,0,0,0,0.00%,0.0,0.00,1.0,1,1,1655405094,2022-06-16,2022-06-16T18:44,0.0,0.00
8,TSLA220715C00260000,USD,REGULAR,True,1.0000000000000003e-05,0.00%,1657843200,2022-07-15,2022-07-15T00:00,0,0.00,260.0,260.00,424.7,424.70,0,0,0,0,0.00%,0.0,0.00,1.0,1,1,1656607739,2022-06-30,2022-06-30T16:48,0.0,0.00
9,TSLA220715C00280000,USD,REGULAR,True,1.0000000000000003e-05,0.00%,1657843200,2022-07-15,2022-07-15T00:00,0,0.00,280.0,280.00,460.2,460.20,0,0,0,0,0.00%,0.0,0.00,1.0,1,1,1657287977,2022-07-08,2022-07-08T13:46,0.0,0.00
10,TSLA220715C00290000,USD,REGULAR,True,1.0000000000000003e-05,0.00%,1657843200,2022-07-15,2022-07-15T00:00,0,0.00,290.0,290.00,450.1,450.10,0,0,0,0,0.00%,0.0,0.00,1.0,1,1,1656343968,2022-06-27,2022-06-27T15:32,0.0,0.00
11,TSLA220715C00300000,USD,REGULAR,True,1.0000000000000003e-05,0.00%,1657843200,2022-07-15,2022-07-15T00:00,0,0.00,300.0,300.00,407.33,407.33,0,0,0,0,0.00%,0.0,0.00,65.0,65,65,1657565277,2022-07-11,2022-07-11T18:47,0.0,0.00
12,TSLA220715C00310000,USD,REGULAR,True,1.0000000000000003e-05,0.00%,1657843200,2022-07-15,2022-07-15T00:00,0,0.00,310.0,310.00,379.24,379.24,0,0,0,0,0.00%,0.0,0.00,9.0,9,9,1657043152,2022-07-05,2022-07-05T17:45,0.0,0.00
13,TSLA220715C00320000,USD,REGULAR,True,1.0000000000000003e-05,0.00%,1657843200,2022-07-15,2022-07-15T00:00,0,0.00,320.0,320.00,345.75,345.75,0,0,0,0,0.00%,0.0,0.00,,,,1656601557,2022-06-30,2022-06-30T15:05,0.0,0.00
14,TSLA220715C00330000,USD,REGULAR,True,1.0000000000000003e-05,0.00%,1657843200,2022-07-15,2022-07-15T00:00,0,0.00,330.0,330.00,419.69,419.69,2,2,2,0,0.00%,354.4,354.40,12.0,12,12,1654007256,2022-05-31,2022-05-31T14:27,352.65,352.65
15,TSLA220715C00340000,USD,REGULAR,True,1.0000000000000003e-05,0.00%,1657843200,2022-07-15,2022-07-15T00:00,0,0.00,340.0,340.00,375.2,375.20,0,0,0,0,0.00%,0.0,0.00,,,,1655914042,2022-06-22,2022-06-22T16:07,0.0,0.00
16,TSLA220715C00350000,USD,REGULAR,True,1.0000000000000003e-05,0.00%,1657843200,2022-07-15,2022-07-15T00:00,0,0.00,350.0,350.00,356.99,356.99,0,0,0,0,0.00%,0.0,0.00,15.0,15,15,1657565393,2022-07-11,2022-07-11T18:49,0.0,0.00
17,TSLA220715C00360000,USD,REGULAR,True,1.0000000000000003e-05,0.00%,1657843200,2022-07-15,2022-07-15T00:00,0,0.00,360.0,360.00,350.48,350.48,0,0,0,0,0.00%,0.0,0.00,,,,1655999358,2022-06-23,2022-06-23T15:49,0.0,0.00
18,TSLA220715C00370000,USD,REGULAR,True,1.0000000000000003e-05,0.00%,1657843200,2022-07-15,2022-07-15T00:00,0,0.00,370.0,370.00,352.1,352.10,0,0,0,0,0.00%,0.0,0.00,1.0,1,1,1655921307,2022-06-22,2022-06-22T18:08,0.0,0.00
19,TSLA220715C00375000,USD,REGULAR,True,1.0000000000000003e-05,0.00%,1657843200,2022-07-15,2022-07-15T00:00,0,0.00,375.0,375.00,313.55,313.55,0,0,0,0,0.00%,0.0,0.00,,,,1657131270,2022-07-06,2022-07-06T18:14,0.0,0.00
20,TSLA220715C00380000,USD,REGULAR,True,1.0000000000000003e-05,0.00%,1657843200,2022-07-15,2022-07-15T00:00,0,0.00,380.0,380.00,374.55,374.55,0,0,0,0,0.00%,0.0,0.00,2.0,2,2,1657308045,2022-07-08,2022-07-08T19:20,0.0,0.00
21,TSLA220715C00385000,USD,REGULAR,True,1.0000000000000003e-05,0.00%,1657843200,2022-07-15,2022-07-15T00:00,0,0.00,385.0,385.00,283.05,283.05,0,0,0,0,0.00%,0.0,0.00,,,,1656601696,2022-06-30,2022-06-30T15:08,0.0,0.00
22,TSLA220715C00390000,USD,REGULAR,True,1.0000000000000003e-05,0.00%,1657843200,2022-07-15,2022-07-15T00:00,0,0.00,390.0,390.00,264.25,264.25,0,0,0,0,0.00%,0.0,0.00,1.0,1,1,1657029089,2022-07-05,2022-07-05T13:51,0.0,0.00
23,TSLA220715C00395000,USD,REGULAR,True,1.0000000000000003e-05,0.00%,1657843200,2022-07-15,2022-07-15T00:00,0,0.00,395.0,395.00,320.0,320.00,0,0,0,0,0.00%,0.0,0.00,1453.0,"1,453","1,453",1657560729,2022-07-11,2022-07-11T17:32,0.0,0.00
24,TSLA220715C00400000,USD,REGULAR,True,1.0000000000000003e-05,0.00%,1657843200,2022-07-15,2022-07-15T00:00,0,0.00,400.0,400.00,314.23,314.23,0,0,0,0,0.00%,0.0,0.00,4.0,4,4,1657560951,2022-07-11,2022-07-11T17:35,0.0,0.00
25,TSLA220715C00405000,USD,REGULAR,True,1.0000000000000003e-05,0.00%,1657843200,2022-07-15,2022-07-15T00:00,0,0.00,405.0,405.00,279.88,279.88,0,0,0,0,0.00%,0.0,0.00,1.0,1,1,1657115244,2022-07-06,2022-07-06T13:47,0.0,0.00
26,TSLA220715C00410000,USD,REGULAR,True,1.0000000000000003e-05,0.00%,1657843200,2022-07-15,2022-07-15T00:00,0,0.00,410.0,410.00,282.04,282.04,0,0,0,0,0.00%,0.0,0.00,1.0,1,1,1657045827,2022-07-05,2022-07-05T18:30,0.0,0.00
27,TSLA220715C00415000,USD,REGULAR,True,1.0000000000000003e-05,0.00%,1657843200,2022-07-15,2022-07-15T00:00,0,0.00,415.0,415.00,273.75,273.75,0,0,0,0,0.00%,0.0,0.00,1.0,1,1,1657131270,2022-07-06,2022-07-06T18:14,0.0,0.00
28,TSLA220715C00420000,USD,REGULAR,True,1.0000000000000003e-05,0.00%,1657843200,2022-07-15,2022-07-15T00:00,0,0.00,420.0,420.00,260.6,260.60,0,0,0,0,0.00%,0.0,0.00,1.0,1,1,1657040888,2022-07-05,2022-07-05T17:08,0.0,0.00
29,TSLA220715C00425000,USD,REGULAR,True,1.0000000000000003e-05,0.00%,1657843200,2022-07-15,2022-07-15T00:00,0,0.00,425.0,425.00,263.75,263.75,0,0,0,0,0.00%,0.0,0.00,1.0,1,1,1657131277,2022-07-06,2022-07-06T18:14,0.0,0.00
30,TSLA220715C00430000,USD,REGULAR,True,1.0000000000000003e-05,0.00%,1657843200,2022-07-15,2022-07-15T00:00,0,0.00,430.0,430.00,235.3,235.30,0,0,0,0,0.00%,0.0,0.00,1.0,1,1,1656600977,2022-06-30,2022-06-30T14:56,0.0,0.00
31,TSLA220715C00435000,USD,REGULAR,True,1.0000000000000003e-05,0.00%,1657843200,2022-07-15,2022-07-15T00:00,0,0.00,435.0,435.00,287.7,287.70,0,0,0,0,0.00%,0.0,0.00,3.0,3,3,1657551123,2022-07-11,2022-07-11T14:52,0.0,0.00
32,TSLA220715C00440000,USD,REGULAR,True,1.0000000000000003e-05,0.00%,1657843200,2022-07-15,2022-07-15T00:00,0,0.00,440.0,440.00,239.05,239.05,0,0,0,0,0.00%,0.0,0.00,2.0,2,2,1656524659,2022-06-29,2022-06-29T17:44,0.0,0.00
33,TSLA220715C00445000,USD,REGULAR,True,1.0000000000000003e-05,0.00%,1657843200,2022-07-15,2022-07-15T00:00,0,0.00,445.0,445.00,309.18,309.18,0,0,0,0,0.00%,0.0,0.00,14.0,14,14,1657308103,2022-07-08,2022-07-08T19:21,0.0,0.00
34,TSLA220715C00450000,USD,REGULAR,True,1.0000000000000003e-05,0.00%,1657843200,2022-07-15,2022-07-15T00:00,0,0.00,450.0,450.00,256.18,256.18,0,0,0,0,0.00%,0.0,0.00,10.0,10,10,1657565437,2022-07-11,2022-07-11T18:50,0.0,0.00
35,TSLA220715C00455000,USD,REGULAR,True,1.0000000000000003e-05,0.00%,1657843200,2022-07-15,2022-07-15T00:00,0,0.00,455.0,455.00,277.55,277.55,0,0,0,0,0.00%,0.0,0.00,1.0,1,1,1657547333,2022-07-11,2022-07-11T13:48,0.0,0.00
36,TSLA220715C00460000,USD,REGULAR,True,1.0000000000000003e-05,0.00%,1657843200,2022-07-15,2022-07-15T00:00,0,0.00,460.0,460.00,228.55,228.55,0,0,0,0,0.00%,0.0,0.00,2.0,2,2,1657044138,2022-07-05,2022-07-05T18:02,0.0,0.00
37,TSLA220715C00465000,USD,REGULAR,True,1.0000000000000003e-05,0.00%,1657843200,2022-07-15,2022-07-15T00:00,0,0.00,465.0,465.00,267.65,267.65,0,0,0,0,0.00%,0.0,0.00,1.0,1,1,1656356582,2022-06-27,2022-06-27T19:03,0.0,0.00
38,TSLA220715C00470000,USD,REGULAR,True,1.0000000000000003e-05,0.00%,1657843200,2022-07-15,2022-07-15T00:00,0,0.00,470.0,470.00,292.25,292.25,0,0,0,0,0.00%,0.0,0.00,4.0,4,4,1657294121,2022-07-08,2022-07-08T15:28,0.0,0.00
39,TSLA220715C00475000,USD,REGULAR,True,1.0000000000000003e-05,0.00%,1657843200,2022-07-15,2022-07-15T00:00,0,0.00,475.0,475.00,257.0,257.00,0,0,0,0,0.00%,0.0,0.00,1.0,1,1,1657221957,2022-07-07,2022-07-07T19:25,0.0,0.00
40,TSLA220715C00480000,USD,REGULAR,True,1.0000000000000003e-05,0.00%,1657843200,2022-07-15,2022-07-15T00:00,0,0.00,480.0,480.00,234.31,234.31,0,0,0,0,0.00%,0.0,0.00,3.0,3,3,1657551559,2022-07-11,2022-07-11T14:59,0.0,0.00
41,TSLA220715C00485000,USD,REGULAR,True,1.0000000000000003e-05,0.00%,1657843200,2022-07-15,2022-07-15T00:00,0,0.00,485.0,485.00,262.7,262.70,0,0,0,0,0.00%,0.0,0.00,,,,1656342074,2022-06-27,2022-06-27T15:01,0.0,0.00
42,TSLA220715C00490000,USD,REGULAR,True,1.0000000000000003e-05,0.00%,1657843200,2022-07-15,2022-07-15T00:00,0,0.00,490.0,490.00,217.7,217.70,0,0,0,0,0.00%,0.0,0.00,4.0,4,4,1657554442,2022-07-11,2022-07-11T15:47,0.0,0.00
43,TSLA220715C00495000,USD,REGULAR,True,1.0000000000000003e-05,0.00%,1657843200,2022-07-15,2022-07-15T00:00,0,0.00,495.0,495.00,259.38,259.38,0,0,0,0,0.00%,0.0,0.00,14.0,14,14,1657308103,2022-07-08,2022-07-08T19:21,0.0,0.00
44,TSLA220715C00500000,USD,REGULAR,True,1.0000000000000003e-05,0.00%,1657843200,2022-07-15,2022-07-15T00:00,0,0.00,500.0,500.00,209.0,209.00,0,0,0,0,0.00%,0.0,0.00,17.0,17,17,1657563407,2022-07-11,2022-07-11T18:16,0.0,0.00
45,TSLA220715C00505000,USD,REGULAR,True,1.0000000000000003e-05,0.00%,1657843200,2022-07-15,2022-07-15T00:00,0,0.00,505.0,505.00,176.08,176.08,0,0,0,0,0.00%,0.0,0.00,1.0,1,1,1657037953,2022-07-05,2022-07-05T16:19,0.0,0.00
46,TSLA220715C00510000,USD,REGULAR,True,1.0000000000000003e-05,0.00%,1657843200,2022-07-15,2022-07-15T00:00,0,0.00,510.0,510.00,196.81,196.81,0,0,0,0,0.00%,0.0,0.00,4.0,4,4,1657568100,2022-07-11,2022-07-11T19:35,0.0,0.00
47,TSLA220715C00515000,USD,REGULAR,True,1.0000000000000003e-05,0.00%,1657843200,2022-07-15,2022-07-15T00:00,0,0.00,515.0,515.00,193.05,193.05,0,0,0,0,0.00%,0.0,0.00,2.0,2,2,1657559231,2022-07-11,2022-07-11T17:07,0.0,0.00
48,TSLA220715C00520000,USD,REGULAR,True,1.0000000000000003e-05,0.00%,1657843200,2022-07-15,2022-07-15T00:00,0,0.00,520.0,520.00,209.18,209.18,0,0,0,0,0.00%,0.0,0.00,2.0,2,2,1657211835,2022-07-07,2022-07-07T16:37,0.0,0.00
49,TSLA220715C00525000,USD,REGULAR,True,1.0000000000000003e-05,0.00%,1657843200,2022-07-15,2022-07-15T00:00,0,0.00,525.0,525.00,183.38,183.38,0,0,0,0,0.00%,0.0,0.00,2.0,2,2,1657559219,2022-07-11,2022-07-11T17:06,0.0,0.00
50,TSLA220715C00530000,USD,REGULAR,True,1.0000000000000003e-05,0.00%,1657843200,2022-07-15,2022-07-15T00:00,0,0.00,530.0,530.00,184.8,184.80,0,0,0,0,0.00%,0.0,0.00,35.0,35,35,1657560843,2022-07-11,2022-07-11T17:34,0.0,0.00
51,TSLA220715C00535000,USD,REGULAR,True,1.0000000000000003e-05,0.00%,1657843200,2022-07-15,2022-07-15T00:00,0,0.00,535.0,535.00,177.06,177.06,0,0,0,0,0.00%,0.0,0.00,2.0,2,2,1657562455,2022-07-11,2022-07-11T18:00,0.0,0.00
52,TSLA220715C00540000,USD,REGULAR,True,1.0000000000000003e-05,0.00%,1657843200,2022-07-15,2022-07-15T00:00,0,0.00,540.0,540.00,162.64,162.64,0,0,0,0,0.00%,0.0,0.00,852.0,852,852,1657569550,2022-07-11,2022-07-11T19:59,0.0,0.00
53,TSLA220715C00545000,USD,REGULAR,True,1.0000000000000003e-05,0.00%,1657843200,2022-07-15,2022-07-15T00:00,0,0.00,545.0,545.00,157.66,157.66,0,0,0,0,0.00%,0.0,0.00,1.0,1,1,1657569550,2022-07-11,2022-07-11T19:59,0.0,0.00
54,TSLA220715C00550000,USD,REGULAR,True,1.0000000000000003e-05,0.00%,1657843200,2022-07-15,2022-07-15T00:00,0,0.00,550.0,550.00,154.1,154.10,0,0,0,0,0.00%,0.0,0.00,27.0,27,27,1657567112,2022-07-11,2022-07-11T19:18,0.0,0.00
55,TSLA220715C00555000,USD,REGULAR,True,1.0000000000000003e-05,0.00%,1657843200,2022-07-15,2022-07-15T00:00,0,0.00,555.0,555.00,179.22,179.22,0,0,0,0,0.00%,0.0,0.00,1.0,1,1,1657213212,2022-07-07,2022-07-07T17:00,0.0,0.00
56,TSLA220715C00560000,USD,REGULAR,True,1.0000000000000003e-05,0.00%,1657843200,2022-07-15,2022-07-15T00:00,0,0.00,560.0,560.00,143.56,143.56,0,0,0,0,0.00%,0.0,0.00,563.0,563,563,1657569328,2022-07-11,2022-07-11T19:55,0.0,0.00
57,TSLA220715C00565000,USD,REGULAR,True,1.0000000000000003e-05,0.00%,1657843200,2022-07-15,2022-07-15T00:00,0,0.00,565.0,565.00,151.1,151.10,0,0,0,0,0.00%,0.0,0.00,2.0,2,2,1657552590,2022-07-11,2022-07-11T15:16,0.0,0.00
58,TSLA220715C00570000,USD,REGULAR,True,1.0000000000000003e-05,0.00%,1657843200,2022-07-15,2022-07-15T00:00,0,0.00,570.0,570.00,144.8,144.80,0,0,0,0,0.00%,0.0,0.00,2.0,2,2,1657560859,2022-07-11,2022-07-11T17:34,0.0,0.00
59,TSLA220715C00575000,USD,REGULAR,True,1.0000000000000003e-05,0.00%,1657843200,2022-07-15,2022-07-15T00:00,0,0.00,575.0,575.00,153.0,153.00,0,0,0,0,0.00%,0.0,0.00,1.0,1,1,1657549078,2022-07-11,2022-07-11T14:17,0.0,0.00
60,TSLA220715C00580000,USD,REGULAR,True,1.0000000000000003e-05,0.00%,1657843200,2022-07-15,2022-07-15T00:00,0,0.00,580.0,580.00,135.35,135.35,0,0,0,0,0.00%,0.0,0.00,39.0,39,39,1657560934,2022-07-11,2022-07-11T17:35,0.0,0.00
61,TSLA220715C00585000,USD,REGULAR,True,1.0000000000000003e-05,0.00%,1657843200,2022-07-15,2022-07-15T00:00,0,0.00,585.0,585.00,130.37,130.37,0,0,0,0,0.00%,0.0,0.00,14.0,14,14,1657560934,2022-07-11,2022-07-11T17:35,0.0,0.00
62,TSLA220715C00590000,USD,REGULAR,True,1.0000000000000003e-05,0.00%,1657843200,2022-07-15,2022-07-15T00:00,0,0.00,590.0,590.00,121.95,121.95,0,0,0,0,0.00%,0.0,0.00,6.0,6,6,1657560275,2022-07-11,2022-07-11T17:24,0.0,0.00
63,TSLA220715C00595000,USD,REGULAR,True,1.0000000000000003e-05,0.00%,1657843200,2022-07-15,2022-07-15T00:00,0,0.00,595.0,595.00,139.86,139.86,0,0,0,0,0.00%,0.0,0.00,10.0,10,10,1657287557,2022-07-08,2022-07-08T13:39,0.0,0.00
64,TSLA220715C00600000,USD,REGULAR,True,1.0000000000000003e-05,0.00%,1657843200,2022-07-15,2022-07-15T00:00,0,0.00,600.0,600.00,103.5,103.50,0,0,0,0,0.00%,0.0,0.00,253.0,253,253,1657569354,2022-07-11,2022-07-11T19:55,0.0,0.00
65,TSLA220715C00605000,USD,REGULAR,True,1.0000000000000003e-05,0.00%,1657843200,2022-07-15,2022-07-15T00:00,0,0.00,605.0,605.00,101.4,101.40,0,0,0,0,0.00%,0.0,0.00,16.0,16,16,1657566354,2022-07-11,2022-07-11T19:05,0.0,0.00
66,TSLA220715C00610000,USD,REGULAR,True,1.0000000000000003e-05,0.00%,1657843200,2022-07-15,2022-07-15T00:00,0,0.00,610.0,610.00,97.6,97.60,0,0,0,0,0.00%,0.0,0.00,54.0,54,54,1657564473,2022-07-11,2022-07-11T18:34,0.0,0.00
67,TSLA220715C00615000,USD,REGULAR,True,1.0000000000000003e-05,0.00%,1657843200,2022-07-15,2022-07-15T00:00,0,0.00,615.0,615.00,93.81,93.81,0,0,0,0,0.00%,0.0,0.00,13.0,13,13,1657564281,2022-07-11,2022-07-11T18:31,0.0,0.00
68,TSLA220715C00620000,USD,REGULAR,True,1.0000000000000003e-05,0.00%,1657843200,2022-07-15,2022-07-15T00:00,0,0.00,620.0,620.00,86.15,86.15,0,0,0,0,0.00%,0.0,0.00,39.0,39,39,1657567112,2022-07-11,2022-07-11T19:18,0.0,0.00
69,TSLA220715C00625000,USD,REGULAR,True,1.0000000000000003e-05,0.00%,1657843200,2022-07-15,2022-07-15T00:00,0,0.00,625.0,625.00,81.5,81.50,0,0,0,0,0.00%,0.0,0.00,51.0,51,51,1657567112,2022-07-11,2022-07-11T19:18,0.0,0.00
70,TSLA220715C00630000,USD,REGULAR,True,1.0000000000000003e-05,0.00%,1657843200,2022-07-15,2022-07-15T00:00,0,0.00,630.0,630.00,76.08,76.08,0,0,0,0,0.00%,0.0,0.00,75.0,75,75,1657569154,2022-07-11,2022-07-11T19:52,0.0,0.00
71,TSLA220715C00635000,USD,REGULAR,True,1.0000000000000003e-05,0.00%,1657843200,2022-07-15,2022-07-15T00:00,0,0.00,635.0,635.00,73.77,73.77,0,0,0,0,0.00%,0.0,0.00,68.0,68,68,1657568738,2022-07-11,2022-07-11T19:45,0.0,0.00
72,TSLA220715C00640000,USD,REGULAR,True,1.0000000000000003e-05,0.00%,1657843200,2022-07-15,2022-07-15T00:00,0,0.00,640.0,640.00,65.94,65.94,0,0,0,0,0.00%,0.0,0.00,102.0,102,102,1657569229,2022-07-11,2022-07-11T19:53,0.0,0.00
73,TSLA220715C00645000,USD,REGULAR,True,1.0000000000000003e-05,0.00%,1657843200,2022-07-15,2022-07-15T00:00,0,0.00,645.0,645.00,64.77,64.77,0,0,0,0,0.00%,0.0,0.00,17.0,17,17,1657568775,2022-07-11,2022-07-11T19:46,0.0,0.00
74,TSLA220715C00650000,USD,REGULAR,True,1.0000000000000003e-05,0.00%,1657843200,2022-07-15,2022-07-15T00:00,0,0.00,650.0,650.00,57.89,57.89,0,0,0,0,0.00%,0.0,0.00,726.0,726,726,1657569563,2022-07-11,2022-07-11T19:59,0.0,0.00
75,TSLA220715C00655000,USD,REGULAR,True,1.0000000000000003e-05,0.00%,1657843200,2022-07-15,2022-07-15T00:00,0,0.00,655.0,655.00,55.95,55.95,0,0,0,0,0.00%,0.0,0.00,46.0,46,46,1657568949,2022-07-11,2022-07-11T19:49,0.0,0.00
76,TSLA220715C00660000,USD,REGULAR,True,1.0000000000000003e-05,0.00%,1657843200,2022-07-15,2022-07-15T00:00,0,0.00,660.0,660.00,50.05,50.05,0,0,0,0,0.00%,0.0,0.00,676.0,676,676,1657569591,2022-07-11,2022-07-11T19:59,0.0,0.00
77,TSLA220715C00665000,USD,REGULAR,True,1.0000000000000003e-05,0.00%,1657843200,2022-07-15,2022-07-15T00:00,0,0.00,665.0,665.00,49.45,49.45,0,0,0,0,0.00%,0.0,0.00,40.0,40,40,1657568311,2022-07-11,2022-07-11T19:38,0.0,0.00
78,TSLA220715C00667500,USD,REGULAR,True,1.0000000000000003e-05,0.00%,1657843200,2022-07-15,2022-07-15T00:00,0,0.00,667.5,667.50,50.8,50.80,0,0,0,0,0.00%,0.0,0.00,38.0,38,38,1657560208,2022-07-11,2022-07-11T17:23,0.0,0.00
79,TSLA220715C00670000,USD,REGULAR,True,1.0000000000000003e-05,0.00%,1657843200,2022-07-15,2022-07-15T00:00,0,0.00,670.0,670.00,41.85,41.85,0,0,0,0,0.00%,0.0,0.00,253.0,253,253,1657569222,2022-07-11,2022-07-11T19:53,0.0,0.00
80,TSLA220715C00672500,USD,REGULAR,True,1.0000000000000003e-05,0.00%,1657843200,2022-07-15,2022-07-15T00:00,0,0.00,672.5,672.50,42.34,42.34,0,0,0,0,0.00%,0.0,0.00,30.0,30,30,1657568898,2022-07-11,2022-07-11T19:48,0.0,0.00
81,TSLA220715C00675000,USD,REGULAR,True,1.0000000000000003e-05,0.00%,1657843200,2022-07-15,2022-07-15T00:00,0,0.00,675.0,675.00,38.66,38.66,0,0,0,0,0.00%,0.0,0.00,101.0,101,101,1657569166,2022-07-11,2022-07-11T19:52,0.0,0.00
82,TSLA220715C00677500,USD,REGULAR,True,1.0000000000000003e-05,0.00%,1657843200,2022-07-15,2022-07-15T00:00,0,0.00,677.5,677.50,38.5,38.50,0,0,0,0,0.00%,0.0,0.00,36.0,36,36,1657568687,2022-07-11,2022-07-11T19:44,0.0,0.00
83,TSLA220715C00680000,USD,REGULAR,True,1.0000000000000003e-05,0.00%,1657843200,2022-07-15,2022-07-15T00:00,0,0.00,680.0,680.00,35.05,35.05,0,0,0,0,0.00%,0.0,0.00,813.0,813,813,1657569582,2022-07-11,2022-07-11T19:59,0.0,0.00
84,TSLA220715C00682500,USD,REGULAR,True,1.0000000000000003e-05,0.00%,1657843200,2022-07-15,2022-07-15T00:00,0,0.00,682.5,682.50,35.5,35.50,0,0,0,0,0.00%,0.0,0.00,66.0,66,66,1657567302,2022-07-11,2022-07-11T19:21,0.0,0.00
85,TSLA220715C00685000,USD,REGULAR,True,1.0000000000000003e-05,0.00%,1657843200,2022-07-15,2022-07-15T00:00,0,0.00,685.0,685.00,31.64,31.64,0,0,0,0,0.00%,0.0,0.00,473.0,473,473,1657569312,2022-07-11,2022-07-11T19:55,0.0,0.00
86,TSLA220715C00687500,USD,REGULAR,True,1.0000000000000003e-05,0.00%,1657843200,2022-07-15,2022-07-15T00:00,0,0.00,687.5,687.50,29.96,29.96,0,0,0,0,0.00%,0.0,0.00,333.0,333,333,1657569431,2022-07-11,2022-07-11T19:57,0.0,0.00
87,TSLA220715C00690000,USD,REGULAR,True,1.0000000000000003e-05,0.00%,1657843200,2022-07-15,2022-07-15T00:00,0,0.00,690.0,690.00,28.85,28.85,0,0,0,0,0.00%,0.0,0.00,1036.0,"1,036","1,036",1657569595,2022-07-11,2022-07-11T19:59,0.0,0.00
88,TSLA220715C00692500,USD,REGULAR,True,1.0000000000000003e-05,0.00%,1657843200,2022-07-15,2022-07-15T00:00,0,0.00,692.5,692.50,27.75,27.75,0,0,0,0,0.00%,0.0,0.00,150.0,150,150,1657569000,2022-07-11,2022-07-11T19:50,0.0,0.00
89,TSLA220715C00695000,USD,REGULAR,True,1.0000000000000003e-05,0.00%,1657843200,2022-07-15,2022-07-15T00:00,0,0.00,695.0,695.00,25.44,25.44,0,0,0,0,0.00%,0.0,0.00,807.0,807,807,1657569506,2022-07-11,2022-07-11T19:58,0.0,0.00
90,TSLA220715C00700000,USD,REGULAR,True,1.0000000000000003e-05,0.00%,1657843200,2022-07-15,2022-07-15T00:00,0,0.00,700.0,700.00,23.1,23.10,0,0,0,0,0.00%,0.0,0.00,12567.0,"12,567","12,567",1657569599,2022-07-11,2022-07-11T19:59,0.0,0.00
91,TSLA220715C00705000,USD,REGULAR,False,0.007822421875,0.78%,1657843200,2022-07-15,2022-07-15T00:00,0,0.00,705.0,705.00,20.6,20.60,0,0,0,0,0.00%,0.0,0.00,7623.0,"7,623","7,623",1657569597,2022-07-11,2022-07-11T19:59,0.0,0.00
92,TSLA220715C00710000,USD,REGULAR,False,0.0312596875,3.13%,1657843200,2022-07-15,2022-07-15T00:00,0,0.00,710.0,710.00,18.1,18.10,0,0,0,0,0.00%,0.0,0.00,14537.0,"14,537","14,537",1657569599,2022-07-11,2022-07-11T19:59,0.0,0.00
93,TSLA220715C00715000,USD,REGULAR,False,0.0312596875,3.13%,1657843200,2022-07-15,2022-07-15T00:00,0,0.00,715.0,715.00,15.5,15.50,0,0,0,0,0.00%,0.0,0.00,8040.0,"8,040","8,040",1657569581,2022-07-11,2022-07-11T19:59,0.0,0.00
94,TSLA220715C00720000,USD,REGULAR,False,0.062509375,6.25%,1657843200,2022-07-15,2022-07-15T00:00,0,0.00,720.0,720.00,13.8,13.80,0,0,0,0,0.00%,0.0,0.00,18274.0,"18,274","18,274",1657569599,2022-07-11,2022-07-11T19:59,0.0,0.00
95,TSLA220715C00725000,USD,REGULAR,False,0.062509375,6.25%,1657843200,2022-07-15,2022-07-15T00:00,0,0.00,725.0,725.00,11.95,11.95,0,0,0,0,0.00%,0.0,0.00,11352.0,"11,352","11,352",1657569598,2022-07-11,2022-07-11T19:59,0.0,0.00
96,TSLA220715C00730000,USD,REGULAR,False,0.062509375,6.25%,1657843200,2022-07-15,2022-07-15T00:00,0,0.00,730.0,730.00,10.2,10.20,0,0,0,0,0.00%,0.0,0.00,17063.0,"17,063","17,063",1657569598,2022-07-11,2022-07-11T19:59,0.0,0.00
97,TSLA220715C00735000,USD,REGULAR,False,0.12500875,12.50%,1657843200,2022-07-15,2022-07-15T00:00,0,0.00,735.0,735.00,8.6,8.60,0,0,0,0,0.00%,0.0,0.00,4711.0,"4,711","4,711",1657569590,2022-07-11,2022-07-11T19:59,0.0,0.00
98,TSLA220715C00740000,USD,REGULAR,False,0.12500875,12.50%,1657843200,2022-07-15,2022-07-15T00:00,0,0.00,740.0,740.00,7.5,7.50,0,0,0,0,0.00%,0.0,0.00,14694.0,"14,694","14,694",1657569598,2022-07-11,2022-07-11T19:59,0.0,0.00
99,TSLA220715C00745000,USD,REGULAR,False,0.12500875,12.50%,1657843200,2022-07-15,2022-07-15T00:00,0,0.00,745.0,745.00,6.45,6.45,0,0,0,0,0.00%,0.0,0.00,5751.0,"5,751","5,751",1657569567,2022-07-11,2022-07-11T19:59,0.0,0.00
100,TSLA220715C00750000,USD,REGULAR,False,0.12500875,12.50%,1657843200,2022-07-15,2022-07-15T00:00,0,0.00,750.0,750.00,5.55,5.55,0,0,0,0,0.00%,0.0,0.00,51984.0,"51,984","51,984",1657569599,2022-07-11,2022-07-11T19:59,0.0,0.00
101,TSLA220715C00755000,USD,REGULAR,False,0.12500875,12.50%,1657843200,2022-07-15,2022-07-15T00:00,0,0.00,755.0,755.00,4.56,4.56,0,0,0,0,0.00%,0.0,0.00,7893.0,"7,893","7,893",1657569598,2022-07-11,2022-07-11T19:59,0.0,0.00
102,TSLA220715C00760000,USD,REGULAR,False,0.12500875,12.50%,1657843200,2022-07-15,2022-07-15T00:00,0,0.00,760.0,760.00,3.9,3.90,0,0,0,0,0.00%,0.0,0.00,14184.0,"14,184","14,184",1657569597,2022-07-11,2022-07-11T19:59,0.0,0.00
103,TSLA220715C00765000,USD,REGULAR,False,0.12500875,12.50%,1657843200,2022-07-15,2022-07-15T00:00,0,0.00,765.0,765.00,3.4,3.40,0,0,0,0,0.00%,0.0,0.00,5971.0,"5,971","5,971",1657569584,2022-07-11,2022-07-11T19:59,0.0,0.00
104,TSLA220715C00770000,USD,REGULAR,False,0.12500875,12.50%,1657843200,2022-07-15,2022-07-15T00:00,0,0.00,770.0,770.00,2.85,2.85,0,0,0,0,0.00%,0.0,0.00,12987.0,"12,987","12,987",1657569597,2022-07-11,2022-07-11T19:59,0.0,0.00
105,TSLA220715C00775000,USD,REGULAR,False,0.2500075,25.00%,1657843200,2022-07-15,2022-07-15T00:00,0,0.00,775.0,775.00,2.44,2.44,0,0,0,0,0.00%,0.0,0.00,8608.0,"8,608","8,608",1657569598,2022-07-11,2022-07-11T19:59,0.0,0.00
106,TSLA220715C00780000,USD,REGULAR,False,0.2500075,25.00%,1657843200,2022-07-15,2022-07-15T00:00,0,0.00,780.0,780.00,2.08,2.08,0,0,0,0,0.00%,0.0,0.00,16975.0,"16,975","16,975",1657569599,2022-07-11,2022-07-11T19:59,0.0,0.00
107,TSLA220715C00785000,USD,REGULAR,False,0.2500075,25.00%,1657843200,2022-07-15,2022-07-15T00:00,0,0.00,785.0,785.00,1.78,1.78,0,0,0,0,0.00%,0.0,0.00,3903.0,"3,903","3,903",1657569599,2022-07-11,2022-07-11T19:59,0.0,0.00
108,TSLA220715C00790000,USD,REGULAR,False,0.2500075,25.00%,1657843200,2022-07-15,2022-07-15T00:00,0,0.00,790.0,790.00,1.52,1.52,0,0,0,0,0.00%,0.0,0.00,8703.0,"8,703","8,703",1657569598,2022-07-11,2022-07-11T19:59,0.0,0.00
109,TSLA220715C00795000,USD,REGULAR,False,0.2500075,25.00%,1657843200,2022-07-15,2022-07-15T00:00,0,0.00,795.0,795.00,1.32,1.32,0,0,0,0,0.00%,0.0,0.00,3915.0,"3,915","3,915",1657569591,2022-07-11,2022-07-11T19:59,0.0,0.00
110,TSLA220715C00800000,USD,REGULAR,False,0.2500075,25.00%,1657843200,2022-07-15,2022-07-15T00:00,0,0.00,800.0,800.00,1.15,1.15,0,0,0,0,0.00%,0.0,0.00,86132.0,"86,132","86,132",1657569599,2022-07-11,2022-07-11T19:59,0.0,0.00
111,TSLA220715C00805000,USD,REGULAR,False,0.2500075,25.00%,1657843200,2022-07-15,2022-07-15T00:00,0,0.00,805.0,805.00,0.97,0.97,0,0,0,0,0.00%,0.0,0.00,6085.0,"6,085","6,085",1657569597,2022-07-11,2022-07-11T19:59,0.0,0.00
112,TSLA220715C00810000,USD,REGULAR,False,0.2500075,25.00%,1657843200,2022-07-15,2022-07-15T00:00,0,0.00,810.0,810.00,0.87,0.87,0,0,0,0,0.00%,0.0,0.00,5438.0,"5,438","5,438",1657569579,2022-07-11,2022-07-11T19:59,0.0,0.00
113,TSLA220715C00815000,USD,REGULAR,False,0.2500075,25.00%,1657843200,2022-07-15,2022-07-15T00:00,0,0.00,815.0,815.00,0.75,0.75,0,0,0,0,0.00%,0.0,0.00,3235.0,"3,235","3,235",1657569580,2022-07-11,2022-07-11T19:59,0.0,0.00
114,TSLA220715C00820000,USD,REGULAR,False,0.2500075,25.00%,1657843200,2022-07-15,2022-07-15T00:00,0,0.00,820.0,820.00,0.68,0.68,0,0,0,0,0.00%,0.0,0.00,7416.0,"7,416","7,416",1657569591,2022-07-11,2022-07-11T19:59,0.0,0.00
115,TSLA220715C00825000,USD,REGULAR,False,0.2500075,25.00%,1657843200,2022-07-15,2022-07-15T00:00,0,0.00,825.0,825.00,0.59,0.59,0,0,0,0,0.00%,0.0,0.00,3535.0,"3,535","3,535",1657569563,2022-07-11,2022-07-11T19:59,0.0,0.00
116,TSLA220715C00830000,USD,REGULAR,False,0.2500075,25.00%,1657843200,2022-07-15,2022-07-15T00:00,0,0.00,830.0,830.00,0.52,0.52,0,0,0,0,0.00%,0.0,0.00,5526.0,"5,526","5,526",1657569593,2022-07-11,2022-07-11T19:59,0.0,0.00
117,TSLA220715C00835000,USD,REGULAR,False,0.2500075,25.00%,1657843200,2022-07-15,2022-07-15T00:00,0,0.00,835.0,835.00,0.47,0.47,0,0,0,0,0.00%,0.0,0.00,3293.0,"3,293","3,293",1657569593,2022-07-11,2022-07-11T19:59,0.0,0.00
118,TSLA220715C00840000,USD,REGULAR,False,0.2500075,25.00%,1657843200,2022-07-15,2022-07-15T00:00,0,0.00,840.0,840.00,0.42,0.42,0,0,0,0,0.00%,0.0,0.00,2758.0,"2,758","2,758",1657569588,2022-07-11,2022-07-11T19:59,0.0,0.00
119,TSLA220715C00845000,USD,REGULAR,False,0.2500075,25.00%,1657843200,2022-07-15,2022-07-15T00:00,0,0.00,845.0,845.00,0.38,0.38,0,0,0,0,0.00%,0.0,0.00,1433.0,"1,433","1,433",1657569511,2022-07-11,2022-07-11T19:58,0.0,0.00
120,TSLA220715C00850000,USD,REGULAR,False,0.2500075,25.00%,1657843200,2022-07-15,2022-07-15T00:00,0,0.00,850.0,850.00,0.34,0.34,0,0,0,0,0.00%,0.0,0.00,13365.0,"13,365","13,365",1657569599,2022-07-11,2022-07-11T19:59,0.0,0.00
121,TSLA220715C00855000,USD,REGULAR,False,0.500005,50.00%,1657843200,2022-07-15,2022-07-15T00:00,0,0.00,855.0,855.00,0.3,0.30,0,0,0,0,0.00%,0.0,0.00,1190.0,"1,190","1,190",1657569198,2022-07-11,2022-07-11T19:53,0.0,0.00
122,TSLA220715C00860000,USD,REGULAR,False,0.500005,50.00%,1657843200,2022-07-15,2022-07-15T00:00,0,0.00,860.0,860.00,0.26,0.26,0,0,0,0,0.00%,0.0,0.00,2365.0,"2,365","2,365",1657569489,2022-07-11,2022-07-11T19:58,0.0,0.00
123,TSLA220715C00865000,USD,REGULAR,False,0.500005,50.00%,1657843200,2022-07-15,2022-07-15T00:00,0,0.00,865.0,865.00,0.26,0.26,0,0,0,0,0.00%,0.0,0.00,719.0,719,719,1657569522,2022-07-11,2022-07-11T19:58,0.0,0.00
124,TSLA220715C00870000,USD,REGULAR,False,0.500005,50.00%,1657843200,2022-07-15,2022-07-15T00:00,0,0.00,870.0,870.00,0.22,0.22,0,0,0,0,0.00%,0.0,0.00,2835.0,"2,835","2,835",1657569462,2022-07-11,2022-07-11T19:57,0.0,0.00
125,TSLA220715C00875000,USD,REGULAR,False,0.500005,50.00%,1657843200,2022-07-15,2022-07-15T00:00,0,0.00,875.0,875.00,0.22,0.22,0,0,0,0,0.00%,0.0,0.00,906.0,906,906,1657569471,2022-07-11,2022-07-11T19:57,0.0,0.00
126,TSLA220715C00880000,USD,REGULAR,False,0.500005,50.00%,1657843200,2022-07-15,2022-07-15T00:00,0,0.00,880.0,880.00,0.18,0.18,0,0,0,0,0.00%,0.0,0.00,2980.0,"2,980","2,980",1657569588,2022-07-11,2022-07-11T19:59,0.0,0.00
127,TSLA220715C00885000,USD,REGULAR,False,0.500005,50.00%,1657843200,2022-07-15,2022-07-15T00:00,0,0.00,885.0,885.00,0.15,0.15,0,0,0,0,0.00%,0.0,0.00,303.0,303,303,1657569414,2022-07-11,2022-07-11T19:56,0.0,0.00
128,TSLA220715C00890000,USD,REGULAR,False,0.500005,50.00%,1657843200,2022-07-15,2022-07-15T00:00,0,0.00,890.0,890.00,0.14,0.14,0,0,0,0,0.00%,0.0,0.00,1207.0,"1,207","1,207",1657569308,2022-07-11,2022-07-11T19:55,0.0,0.00
129,TSLA220715C00895000,USD,REGULAR,False,0.500005,50.00%,1657843200,2022-07-15,2022-07-15T00:00,0,0.00,895.0,895.00,0.14,0.14,0,0,0,0,0.00%,0.0,0.00,306.0,306,306,1657568527,2022-07-11,2022-07-11T19:42,0.0,0.00
130,TSLA220715C00900000,USD,REGULAR,False,0.500005,50.00%,1657843200,2022-07-15,2022-07-15T00:00,0,0.00,900.0,900.00,0.12,0.12,0,0,0,0,0.00%,0.0,0.00,7909.0,"7,909","7,909",1657569560,2022-07-11,2022-07-11T19:59,0.0,0.00
131,TSLA220715C00905000,USD,REGULAR,False,0.500005,50.00%,1657843200,2022-07-15,2022-07-15T00:00,0,0.00,905.0,905.00,0.12,0.12,0,0,0,0,0.00%,0.0,0.00,384.0,384,384,1657567377,2022-07-11,2022-07-11T19:22,0.0,0.00
132,TSLA220715C00910000,USD,REGULAR,False,0.500005,50.00%,1657843200,2022-07-15,2022-07-15T00:00,0,0.00,910.0,910.00,0.09,0.09,0,0,0,0,0.00%,0.0,0.00,799.0,799,799,1657569578,2022-07-11,2022-07-11T19:59,0.0,0.00
133,TSLA220715C00915000,USD,REGULAR,False,0.500005,50.00%,1657843200,2022-07-15,2022-07-15T00:00,0,0.00,915.0,915.00,0.1,0.10,0,0,0,0,0.00%,0.0,0.00,552.0,552,552,1657566267,2022-07-11,2022-07-11T19:04,0.0,0.00
134,TSLA220715C00920000,USD,REGULAR,False,0.500005,50.00%,1657843200,2022-07-15,2022-07-15T00:00,0,0.00,920.0,920.00,0.1,0.10,0,0,0,0,0.00%,0.0,0.00,1212.0,"1,212","1,212",1657569452,2022-07-11,2022-07-11T19:57,0.0,0.00
135,TSLA220715C00925000,USD,REGULAR,False,0.500005,50.00%,1657843200,2022-07-15,2022-07-15T00:00,0,0.00,925.0,925.00,0.08,0.08,0,0,0,0,0.00%,0.0,0.00,270.0,270,270,1657569564,2022-07-11,2022-07-11T19:59,0.0,0.00
136,TSLA220715C00930000,USD,REGULAR,False,0.500005,50.00%,1657843200,2022-07-15,2022-07-15T00:00,0,0.00,930.0,930.00,0.07,0.07,0,0,0,0,0.00%,0.0,0.00,902.0,902,902,1657568256,2022-07-11,2022-07-11T19:37,0.0,0.00
137,TSLA220715C00935000,USD,REGULAR,False,0.500005,50.00%,1657843200,2022-07-15,2022-07-15T00:00,0,0.00,935.0,935.00,0.06,0.06,0,0,0,0,0.00%,0.0,0.00,95.0,95,95,1657569264,2022-07-11,2022-07-11T19:54,0.0,0.00
138,TSLA220715C00940000,USD,REGULAR,False,0.500005,50.00%,1657843200,2022-07-15,2022-07-15T00:00,0,0.00,940.0,940.00,0.04,0.04,0,0,0,0,0.00%,0.0,0.00,396.0,396,396,1657569066,2022-07-11,2022-07-11T19:51,0.0,0.00
139,TSLA220715C00945000,USD,REGULAR,False,0.500005,50.00%,1657843200,2022-07-15,2022-07-15T00:00,0,0.00,945.0,945.00,0.06,0.06,0,0,0,0,0.00%,0.0,0.00,77.0,77,77,1657563548,2022-07-11,2022-07-11T18:19,0.0,0.00
140,TSLA220715C00950000,USD,REGULAR,False,0.500005,50.00%,1657843200,2022-07-15,2022-07-15T00:00,0,0.00,950.0,950.00,0.06,0.06,0,0,0,0,0.00%,0.0,0.00,1452.0,"1,452","1,452",1657569260,2022-07-11,2022-07-11T19:54,0.0,0.00
141,TSLA220715C00955000,USD,REGULAR,False,0.500005,50.00%,1657843200,2022-07-15,2022-07-15T00:00,0,0.00,955.0,955.00,0.05,0.05,0,0,0,0,0.00%,0.0,0.00,207.0,207,207,1657567861,2022-07-11,2022-07-11T19:31,0.0,0.00
142,TSLA220715C00960000,USD,REGULAR,False,0.500005,50.00%,1657843200,2022-07-15,2022-07-15T00:00,0,0.00,960.0,960.00,0.04,0.04,0,0,0,0,0.00%,0.0,0.00,316.0,316,316,1657569245,2022-07-11,2022-07-11T19:54,0.0,0.00
143,TSLA220715C00965000,USD,REGULAR,False,0.500005,50.00%,1657843200,2022-07-15,2022-07-15T00:00,0,0.00,965.0,965.00,0.07,0.07,0,0,0,0,0.00%,0.0,0.00,46.0,46,46,1657548009,2022-07-11,2022-07-11T14:00,0.0,0.00
144,TSLA220715C00970000,USD,REGULAR,False,0.500005,50.00%,1657843200,2022-07-15,2022-07-15T00:00,0,0.00,970.0,970.00,0.04,0.04,0,0,0,0,0.00%,0.0,0.00,279.0,279,279,1657568185,2022-07-11,2022-07-11T19:36,0.0,0.00
145,TSLA220715C00975000,USD,REGULAR,False,0.500005,50.00%,1657843200,2022-07-15,2022-07-15T00:00,0,0.00,975.0,975.00,0.04,0.04,0,0,0,0,0.00%,0.0,0.00,195.0,195,195,1657569591,2022-07-11,2022-07-11T19:59,0.0,0.00
146,TSLA220715C00980000,USD,REGULAR,False,0.500005,50.00%,1657843200,2022-07-15,2022-07-15T00:00,0,0.00,980.0,980.00,0.02,0.02,0,0,0,0,0.00%,0.0,0.00,165.0,165,165,1657567437,2022-07-11,2022-07-11T19:23,0.0,0.00
147,TSLA220715C00985000,USD,REGULAR,False,0.500005,50.00%,1657843200,2022-07-15,2022-07-15T00:00,0,0.00,985.0,985.00,0.04,0.04,0,0,0,0,0.00%,0.0,0.00,223.0,223,223,1657567995,2022-07-11,2022-07-11T19:33,0.0,0.00
148,TSLA220715C00990000,USD,REGULAR,False,0.500005,50.00%,1657843200,2022-07-15,2022-07-15T00:00,0,0.00,990.0,990.00,0.04,0.04,0,0,0,0,0.00%,0.0,0.00,6.0,6,6,1657558785,2022-07-11,2022-07-11T16:59,0.0,0.00
149,TSLA220715C00995000,USD,REGULAR,False,0.500005,50.00%,1657843200,2022-07-15,2022-07-15T00:00,0,0.00,995.0,995.00,0.03,0.03,0,0,0,0,0.00%,0.0,0.00,103.0,103,103,1657566347,2022-07-11,2022-07-11T19:05,0.0,0.00
150,TSLA220715C01000000,USD,REGULAR,False,0.500005,50.00%,1657843200,2022-07-15,2022-07-15T00:00,0,0.00,1000.0,"1,000.00",0.03,0.03,0,0,0,0,0.00%,0.0,0.00,1062.0,"1,062","1,062",1657569225,2022-07-11,2022-07-11T19:53,0.0,0.00
151,TSLA220715C01010000,USD,REGULAR,False,0.500005,50.00%,1657843200,2022-07-15,2022-07-15T00:00,0,0.00,1010.0,"1,010.00",0.02,0.02,0,0,0,0,0.00%,0.0,0.00,91.0,91,91,1657561882,2022-07-11,2022-07-11T17:51,0.0,0.00
152,TSLA220715C01020000,USD,REGULAR,False,0.500005,50.00%,1657843200,2022-07-15,2022-07-15T00:00,0,0.00,1020.0,"1,020.00",0.02,0.02,0,0,0,0,0.00%,0.0,0.00,28.0,28,28,1657560848,2022-07-11,2022-07-11T17:34,0.0,0.00
153,TSLA220715C01025000,USD,REGULAR,False,0.500005,50.00%,1657843200,2022-07-15,2022-07-15T00:00,0,0.00,1025.0,"1,025.00",0.02,0.02,0,0,0,0,0.00%,0.0,0.00,23.0,23,23,1657568427,2022-07-11,2022-07-11T19:40,0.0,0.00
154,TSLA220715C01030000,USD,REGULAR,False,0.500005,50.00%,1657843200,2022-07-15,2022-07-15T00:00,0,0.00,1030.0,"1,030.00",0.02,0.02,0,0,0,0,0.00%,0.0,0.00,47.0,47,47,1657561477,2022-07-11,2022-07-11T17:44,0.0,0.00
155,TSLA220715C01040000,USD,REGULAR,False,0.500005,50.00%,1657843200,2022-07-15,2022-07-15T00:00,0,0.00,1040.0,"1,040.00",0.04,0.04,0,0,0,0,0.00%,0.0,0.00,57.0,57,57,1657310372,2022-07-08,2022-07-08T19:59,0.0,0.00
156,TSLA220715C01050000,USD,REGULAR,False,0.500005,50.00%,1657843200,2022-07-15,2022-07-15T00:00,0,0.00,1050.0,"1,050.00",0.01,0.01,0,0,0,0,0.00%,0.0,0.00,36.0,36,36,1657569036,2022-07-11,2022-07-11T19:50,0.0,0.00
157,TSLA220715C01060000,USD,REGULAR,False,0.500005,50.00%,1657843200,2022-07-15,2022-07-15T00:00,0,0.00,1060.0,"1,060.00",0.04,0.04,0,0,0,0,0.00%,0.0,0.00,4.0,4,4,1657552101,2022-07-11,2022-07-11T15:08,0.0,0.00
158,TSLA220715C01070000,USD,REGULAR,False,0.500005,50.00%,1657843200,2022-07-15,2022-07-15T00:00,0,0.00,1070.0,"1,070.00",0.02,0.02,0,0,0,0,0.00%,0.0,0.00,2.0,2,2,1657566564,2022-07-11,2022-07-11T19:09,0.0,0.00
159,TSLA220715C01075000,USD,REGULAR,False,0.500005,50.00%,1657843200,2022-07-15,2022-07-15T00:00,0,0.00,1075.0,"1,075.00",0.01,0.01,0,0,0,0,0.00%,0.0,0.00,122.0,122,122,1657567741,2022-07-11,2022-07-11T19:29,0.0,0.00
160,TSLA220715C01080000,USD,REGULAR,False,0.500005,50.00%,1657843200,2022-07-15,2022-07-15T00:00,0,0.00,1080.0,"1,080.00",0.03,0.03,0,0,0,0,0.00%,0.0,0.00,1.0,1,1,1657292599,2022-07-08,2022-07-08T15:03,0.0,0.00
161,TSLA220715C01100000,USD,REGULAR,False,0.500005,50.00%,1657843200,2022-07-15,2022-07-15T00:00,0,0.00,1100.0,"1,100.00",0.01,0.01,0,0,0,0,0.00%,0.0,0.00,28.0,28,28,1657569457,2022-07-11,2022-07-11T19:57,0.0,0.00
162,TSLA220715C01125000,USD,REGULAR,False,0.500005,50.00%,1657843200,2022-07-15,2022-07-15T00:00,0,0.00,1125.0,"1,125.00",0.03,0.03,0,0,0,0,0.00%,0.0,0.00,16.0,16,16,1657555939,2022-07-11,2022-07-11T16:12,0.0,0.00
163,TSLA220715C01150000,USD,REGULAR,False,0.500005,50.00%,1657843200,2022-07-15,2022-07-15T00:00,0,0.00,1150.0,"1,150.00",0.01,0.01,0,0,0,0,0.00%,0.0,0.00,47.0,47,47,1657565709,2022-07-11,2022-07-11T18:55,0.0,0.00
164,TSLA220715C01175000,USD,REGULAR,False,0.500005,50.00%,1657843200,2022-07-15,2022-07-15T00:00,0,0.00,1175.0,"1,175.00",0.01,0.01,0,0,0,0,0.00%,0.0,0.00,2.0,2,2,1657568925,2022-07-11,2022-07-11T19:48,0.0,0.00
165,TSLA220715C01200000,USD,REGULAR,False,0.500005,50.00%,1657843200,2022-07-15,2022-07-15T00:00,0,0.00,1200.0,"1,200.00",0.01,0.01,0,0,0,0,0.00%,0.0,0.00,569.0,569,569,1657559004,2022-07-11,2022-07-11T17:03,0.0,0.00
166,TSLA220715C01225000,USD,REGULAR,False,0.500005,50.00%,1657843200,2022-07-15,2022-07-15T00:00,0,0.00,1225.0,"1,225.00",0.01,0.01,0,0,0,0,0.00%,0.0,0.00,1.0,1,1,1657562634,2022-07-11,2022-07-11T18:03,0.0,0.00
167,TSLA220715C01250000,USD,REGULAR,False,0.500005,50.00%,1657843200,2022-07-15,2022-07-15T00:00,0,0.00,1250.0,"1,250.00",0.01,0.01,0,0,0,0,0.00%,0.0,0.00,7.0,7,7,1657556662,2022-07-11,2022-07-11T16:24,0.0,0.00
168,TSLA220715C01275000,USD,REGULAR,False,0.500005,50.00%,1657843200,2022-07-15,2022-07-15T00:00,0,0.00,1275.0,"1,275.00",0.01,0.01,0,0,0,0,0.00%,0.0,0.00,11.0,11,11,1657560181,2022-07-11,2022-07-11T17:23,0.0,0.00
169,TSLA220715C01300000,USD,REGULAR,False,0.500005,50.00%,1657843200,2022-07-15,2022-07-15T00:00,0,0.00,1300.0,"1,300.00",0.01,0.01,0,0,0,0,0.00%,0.0,0.00,11.0,11,11,1657562114,2022-07-11,2022-07-11T17:55,0.0,0.00
170,TSLA220715C01325000,USD,REGULAR,False,0.500005,50.00%,1657843200,2022-07-15,2022-07-15T00:00,0,0.00,1325.0,"1,325.00",0.01,0.01,0,0,0,0,0.00%,0.0,0.00,6.0,6,6,1657557633,2022-07-11,2022-07-11T16:40,0.0,0.00
171,TSLA220715C01350000,USD,REGULAR,False,0.500005,50.00%,1657843200,2022-07-15,2022-07-15T00:00,0,0.00,1350.0,"1,350.00",0.02,0.02,0,0,0,0,0.00%,0.0,0.00,2.0,2,2,1657292044,2022-07-08,2022-07-08T14:54,0.0,0.00
172,TSLA220715C01375000,USD,REGULAR,False,0.500005,50.00%,1657843200,2022-07-15,2022-07-15T00:00,0,0.00,1375.0,"1,375.00",0.03,0.03,0,0,0,0,0.00%,0.0,0.00,10.0,10,10,1657306200,2022-07-08,2022-07-08T18:50,0.0,0.00
173,TSLA220715C01400000,USD,REGULAR,False,0.500005,50.00%,1657843200,2022-07-15,2022-07-15T00:00,0,0.00,1400.0,"1,400.00",0.02,0.02,0,0,0,0,0.00%,0.0,0.00,5.0,5,5,1657546201,2022-07-11,2022-07-11T13:30,0.0,0.00
174,TSLA220715C01425000,USD,REGULAR,False,0.500005,50.00%,1657843200,2022-07-15,2022-07-15T00:00,0,0.00,1425.0,"1,425.00",0.01,0.01,0,0,0,0,0.00%,0.0,0.00,17.0,17,17,1656704187,2022-07-01,2022-07-01T19:36,0.0,0.00
175,TSLA220715C01450000,USD,REGULAR,False,0.500005,50.00%,1657843200,2022-07-15,2022-07-15T00:00,0,0.00,1450.0,"1,450.00",0.01,0.01,0,0,0,0,0.00%,0.0,0.00,2.0,2,2,1657568846,2022-07-11,2022-07-11T19:47,0.0,0.00
176,TSLA220715C01475000,USD,REGULAR,False,0.500005,50.00%,1657843200,2022-07-15,2022-07-15T00:00,0,0.00,1475.0,"1,475.00",0.03,0.03,0,0,0,0,0.00%,0.0,0.00,2.0,2,2,1657120491,2022-07-06,2022-07-06T15:14,0.0,0.00
177,TSLA220715C01500000,USD,REGULAR,False,0.500005,50.00%,1657843200,2022-07-15,2022-07-15T00:00,0,0.00,1500.0,"1,500.00",0.01,0.01,0,0,0,0,0.00%,0.0,0.00,88.0,88,88,1657563027,2022-07-11,2022-07-11T18:10,0.0,0.00
178,TSLA220715C01525000,USD,REGULAR,False,0.500005,50.00%,1657843200,2022-07-15,2022-07-15T00:00,0,0.00,1525.0,"1,525.00",0.03,0.03,0,0,0,0,0.00%,0.0,0.00,2.0,2,2,1656524478,2022-06-29,2022-06-29T17:41,0.0,0.00
179,TSLA220715C01550000,USD,REGULAR,False,0.500005,50.00%,1657843200,2022-07-15,2022-07-15T00:00,0,0.00,1550.0,"1,550.00",0.02,0.02,0,0,0,0,0.00%,0.0,0.00,2.0,2,2,1656512276,2022-06-29,2022-06-29T14:17,0.0,0.00
180,TSLA220715C01575000,USD,REGULAR,False,0.500005,50.00%,1657843200,2022-07-15,2022-07-15T00:00,0,0.00,1575.0,"1,575.00",0.01,0.01,0,0,0,0,0.00%,0.0,0.00,1.0,1,1,1657289242,2022-07-08,2022-07-08T14:07,0.0,0.00
181,TSLA220715C01600000,USD,REGULAR,False,0.500005,50.00%,1657843200,2022-07-15,2022-07-15T00:00,0,0.00,1600.0,"1,600.00",0.01,0.01,0,0,0,0,0.00%,0.0,0.00,5.0,5,5,1657548255,2022-07-11,2022-07-11T14:04,0.0,0.00
182,TSLA220715C01625000,USD,REGULAR,False,0.500005,50.00%,1657843200,2022-07-15,2022-07-15T00:00,0,0.00,1625.0,"1,625.00",0.01,0.01,0,0,0,0,0.00%,0.0,0.00,1.0,1,1,1657546232,2022-07-11,2022-07-11T13:30,0.0,0.00
183,TSLA220715C01650000,USD,REGULAR,False,0.500005,50.00%,1657843200,2022-07-15,2022-07-15T00:00,0,0.00,1650.0,"1,650.00",0.01,0.01,0,0,0,0,0.00%,0.0,0.00,1.0,1,1,1656341659,2022-06-27,2022-06-27T14:54,0.0,0.00
184,TSLA220715C01675000,USD,REGULAR,False,1.000005,100.00%,1657843200,2022-07-15,2022-07-15T00:00,0,0.00,1675.0,"1,675.00",0.02,0.02,0,0,0,0,0.00%,0.0,0.00,17.0,17,17,1656599756,2022-06-30,2022-06-30T14:35,0.0,0.00
185,TSLA220715C01700000,USD,REGULAR,False,0.500005,50.00%,1657843200,2022-07-15,2022-07-15T00:00,0,0.00,1700.0,"1,700.00",0.01,0.01,0,0,0,0,0.00%,0.0,0.00,1.0,1,1,1657029366,2022-07-05,2022-07-05T13:56,0.0,0.00
186,TSLA220715C01725000,USD,REGULAR,False,0.500005,50.00%,1657843200,2022-07-15,2022-07-15T00:00,0,0.00,1725.0,"1,725.00",0.05,0.05,0,0,0,0,0.00%,0.0,0.00,11.0,11,11,1655919385,2022-06-22,2022-06-22T17:36,0.0,0.00
187,TSLA220715C01750000,USD,REGULAR,False,0.500005,50.00%,1657843200,2022-07-15,2022-07-15T00:00,0,0.00,1750.0,"1,750.00",0.03,0.03,0,0,0,0,0.00%,0.0,0.00,2.0,2,2,1657299864,2022-07-08,2022-07-08T17:04,0.0,0.00
188,TSLA220715C01775000,USD,REGULAR,False,0.500005,50.00%,1657843200,2022-07-15,2022-07-15T00:00,0,0.00,1775.0,"1,775.00",0.03,0.03,0,0,0,0,0.00%,0.0,0.00,2.0,2,2,1655833867,2022-06-21,2022-06-21T17:51,0.0,0.00
189,TSLA220715C01800000,USD,REGULAR,False,0.500005,50.00%,1657843200,2022-07-15,2022-07-15T00:00,0,0.00,1800.0,"1,800.00",0.01,0.01,0,0,0,0,0.00%,0.0,0.00,2.0,2,2,1657295960,2022-07-08,2022-07-08T15:59,0.0,0.00
190,TSLA220715C01825000,USD,REGULAR,False,0.500005,50.00%,1657843200,2022-07-15,2022-07-15T00:00,0,0.00,1825.0,"1,825.00",0.04,0.04,0,0,0,0,0.00%,0.0,0.00,21.0,21,21,1655490097,2022-06-17,2022-06-17T18:21,0.0,0.00
191,TSLA220715C01850000,USD,REGULAR,False,0.500005,50.00%,1657843200,2022-07-15,2022-07-15T00:00,0,0.00,1850.0,"1,850.00",0.02,0.02,0,0,0,0,0.00%,0.0,0.00,1.0,1,1,1656516019,2022-06-29,2022-06-29T15:20,0.0,0.00
192,TSLA220715C01875000,USD,REGULAR,False,3.0468773828125,304.69%,1657843200,2022-07-15,2022-07-15T00:00,0,0.00,1875.0,"1,875.00",0.04,0.04,135,135,135,0,0.00%,0.21,0.21,1.0,1,1,1654264219,2022-06-03,2022-06-03T13:50,0.0,0.00
193,TSLA220715C01900000,USD,REGULAR,False,0.500005,50.00%,1657843200,2022-07-15,2022-07-15T00:00,0,0.00,1900.0,"1,900.00",0.02,0.02,0,0,0,0,0.00%,0.0,0.00,11.0,11,11,1656516941,2022-06-29,2022-06-29T15:35,0.0,0.00
194,TSLA220715C01925000,USD,REGULAR,False,2.8593778515625,285.94%,1657843200,2022-07-15,2022-07-15T00:00,0,0.00,1925.0,"1,925.00",0.05,0.05,380,380,380,0,0.00%,0.07,0.07,1.0,1,1,1654788113,2022-06-09,2022-06-09T15:21,0.0,0.00
195,TSLA220715C01950000,USD,REGULAR,False,0.500005,50.00%,1657843200,2022-07-15,2022-07-15T00:00,0,0.00,1950.0,"1,950.00",0.01,0.01,0,0,0,0,0.00%,0.0,0.00,1.0,1,1,1657051184,2022-07-05,2022-07-05T19:59,0.0,0.00
196,TSLA220715C01975000,USD,REGULAR,False,0.500005,50.00%,1657843200,2022-07-15,2022-07-15T00:00,0,0.00,1975.0,"1,975.00",0.01,0.01,0,0,0,0,0.00%,0.0,0.00,1.0,1,1,1656083572,2022-06-24,2022-06-24T15:12,0.0,0.00
197,TSLA220715C02000000,USD,REGULAR,False,0.500005,50.00%,1657843200,2022-07-15,2022-07-15T00:00,0,0.00,2000.0,"2,000.00",0.01,0.01,0,0,0,0,0.00%,0.0,0.00,1.0,1,1,1657299072,2022-07-08,2022-07-08T16:51,0.0,0.00
198,TSLA220715C02025000,USD,REGULAR,False,0.500005,50.00%,1657843200,2022-07-15,2022-07-15T00:00,0,0.00,2025.0,"2,025.00",0.01,0.01,0,0,0,0,0.00%,0.0,0.00,1.0,1,1,1655824737,2022-06-21,2022-06-21T15:18,0.0,0.00
199,TSLA220715C02050000,USD,REGULAR,False,0.500005,50.00%,1657843200,2022-07-15,2022-07-15T00:00,0,0.00,2050.0,"2,050.00",0.03,0.03,0,0,0,0,0.00%,0.0,0.00,1.0,1,1,1655300483,2022-06-15,2022-06-15T13:41,0.0,0.00
200,TSLA220715C02075000,USD,REGULAR,False,0.500005,50.00%,1657843200,2022-07-15,2022-07-15T00:00,0,0.00,2075.0,"2,075.00",0.01,0.01,0,0,0,0,0.00%,0.0,0.00,5.0,5,5,1657028279,2022-07-05,2022-07-05T13:37,0.0,0.00
201,TSLA220715C02100000,USD,REGULAR,False,2.750003125,275.00%,1657843200,2022-07-15,2022-07-15T00:00,0,0.00,2100.0,"2,100.00",0.05,0.05,316,316,316,0,0.00%,0.01,0.01,1.0,1,1,1654783202,2022-06-09,2022-06-09T14:00,0.0,0.00
202,TSLA220715C02125000,USD,REGULAR,False,0.500005,50.00%,1657843200,2022-07-15,2022-07-15T00:00,0,0.00,2125.0,"2,125.00",0.01,0.01,0,0,0,0,0.00%,0.0,0.00,1.0,1,1,1657027893,2022-07-05,2022-07-05T13:31,0.0,0.00
203,TSLA220715C02150000,USD,REGULAR,False,0.500005,50.00%,1657843200,2022-07-15,2022-07-15T00:00,0,0.00,2150.0,"2,150.00",0.01,0.01,0,0,0,0,0.00%,0.0,0.00,2.0,2,2,1655302145,2022-06-15,2022-06-15T14:09,0.0,0.00
204,TSLA220715C02175000,USD,REGULAR,False,0.500005,50.00%,1657843200,2022-07-15,2022-07-15T00:00,0,0.00,2175.0,"2,175.00",0.01,0.01,0,0,0,0,0.00%,0.0,0.00,2.0,2,2,1657547499,2022-07-11,2022-07-11T13:51,0.0,0.00
205,TSLA220715C02200000,USD,REGULAR,False,0.500005,50.00%,1657843200,2022-07-15,2022-07-15T00:00,0,0.00,2200.0,"2,200.00",0.03,0.03,0,0,0,0,0.00%,0.0,0.00,500.0,500,500,1657040981,2022-07-05,2022-07-05T17:09,0.0,0.00
206,TSLA220715C02250000,USD,REGULAR,False,0.500005,50.00%,1657843200,2022-07-15,2022-07-15T00:00,0,0.00,2250.0,"2,250.00",0.01,0.01,0,0,0,0,0.00%,0.0,0.00,2.0,2,2,1656340712,2022-06-27,2022-06-27T14:38,0.0,0.00
207,TSLA220715C02300000,USD,REGULAR,False,0.500005,50.00%,1657843200,2022-07-15,2022-07-15T00:00,0,0.00,2300.0,"2,300.00",0.01,0.01,0,0,0,0,0.00%,0.0,0.00,3.0,3,3,1657308420,2022-07-08,2022-07-08T19:27,0.0,0.00
208,TSLA220715C02350000,USD,REGULAR,False,0.500005,50.00%,1657843200,2022-07-15,2022-07-15T00:00,0,0.00,2350.0,"2,350.00",0.01,0.01,0,0,0,0,0.00%,0.0,0.00,1.0,1,1,1657546205,2022-07-11,2022-07-11T13:30,0.0,0.00
209,TSLA220715C02400000,USD,REGULAR,False,0.500005,50.00%,1657843200,2022-07-15,2022-07-15T00:00,0,0.00,2400.0,"2,400.00",0.01,0.01,0,0,0,0,0.00%,0.0,0.00,2.0,2,2,1657546201,2022-07-11,2022-07-11T13:30,0.0,0.00
