Proxy address,Proxy type
122.99.125.85:80,http
220.116.226.105:80,http
103.219.194.13:80,http
110.170.126.13:3128,https
91.150.189.122:30389,http
12.69.91.227:80,http
50.233.42.98:51696,http
5.167.141.239:3128,http
203.110.240.166:80,http
38.55.181.255:80,http
197.232.65.40:55443,http
175.100.103.170:55443,http
67.212.186.99:80,http
144.91.88.75:5566,http
103.219.193.200:80,http
137.184.177.4:80,http
159.89.195.14:80,http
194.233.65.250:808,http
52.168.34.113:80,http
43.255.113.232:8084,http
208.113.134.223:80,http
51.38.191.151:80,http
196.3.97.82:23500,http
74.208.177.198:80,http
37.120.192.154:8080,http
47.241.245.186:80,http
185.91.116.140:80,http
185.72.27.98:8080,http
45.77.233.110:80,http
80.179.140.189:80,http