"Name","Company","State","City","Salary","Location","Url"
"Staff Mm-Wave/RF PLL IC Engineer","","OR","Portland","","Portland, OR","https://www.glassdoor.com/partner/jobListing.htm?pos=101&ao=692330&s=149&guid=0000016b6ced9397aa2e0171f3f28f11&src=GD_JOB_AD&t=SRFJ&extid=4&exst=OL&ist=&ast=OL&vt=w&slr=true&ea=1&cs=1_d9f694aa&cb=1560900638155&jobListingId=3243864288"
"Senior RF Engineer","","OR","Portland","","Portland, OR","https://www.glassdoor.com/partner/jobListing.htm?pos=102&ao=692330&s=149&guid=0000016b6ced9397aa2e0171f3f28f11&src=GD_JOB_AD&t=SRFJ&extid=4&exst=OL&ist=&ast=OL&vt=w&slr=true&ea=1&cs=1_87c3bf82&cb=1560900638156&jobListingId=3243821044"
"Application Engineer - Emulation","","OR","Hillsboro","","Hillsboro, OR","https://www.glassdoor.com/partner/jobListing.htm?pos=101&ao=182503&s=58&guid=0000016b6ced9397a80a620236405520&src=GD_JOB_AD&t=SR&extid=1&exst=OL&ist=&ast=OL&vt=w&slr=true&cs=1_46221be9&cb=1560900638157&jobListingId=3215229286"
"Staff Mm-Wave IC Engineer - Transmitter","","OR","Portland","","Portland, OR","https://www.glassdoor.com/partner/jobListing.htm?pos=102&ao=692330&s=58&guid=0000016b6ced9397a80a620236405520&src=GD_JOB_AD&t=SR&extid=1&exst=OL&ist=&ast=OL&vt=w&slr=true&ea=1&cs=1_83034141&cb=1560900638158&jobListingId=3243846643"
"Digital ASIC Verification Engineer","","OR","Beaverton","","Beaverton, OR","https://www.glassdoor.com/partner/jobListing.htm?pos=103&ao=621967&s=58&guid=0000016b6ced9397a80a620236405520&src=GD_JOB_AD&t=SR&extid=1&exst=OL&ist=&ast=OL&vt=w&slr=true&cs=1_a7c5c105&cb=1560900638159&jobListingId=3261347109"
"Telecom Engineer - Structured Cabling Systems","","OR","Portland","","Portland, OR","https://www.glassdoor.com/partner/jobListing.htm?pos=104&ao=661181&s=58&guid=0000016b6ced9397a80a620236405520&src=GD_JOB_AD&t=SR&extid=1&exst=OL&ist=&ast=OL&vt=w&slr=true&cs=1_bf18b85c&cb=1560900638160&jobListingId=2816168513"
"Staff Mm-Wave IC Engineer - Receiver","","OR","Portland","","Portland, OR","https://www.glassdoor.com/partner/jobListing.htm?pos=105&ao=692330&s=58&guid=0000016b6ced9397a80a620236405520&src=GD_JOB_AD&t=SR&extid=1&exst=OL&ist=&ast=OL&vt=w&slr=true&ea=1&cs=1_c9d0b9eb&cb=1560900638161&jobListingId=3243856688"
"Senior Test Engineer","","OR","Beaverton","","Beaverton, OR","https://www.glassdoor.com/partner/jobListing.htm?pos=106&ao=621967&s=58&guid=0000016b6ced9397a80a620236405520&src=GD_JOB_AD&t=SR&extid=1&exst=OL&ist=&ast=OL&vt=w&slr=true&cs=1_bf062f94&cb=1560900638162&jobListingId=3262060270"
"Principal IC Product Engineer","","OR","Portland","","Portland, OR","https://www.glassdoor.com/partner/jobListing.htm?pos=107&ao=692331&s=58&guid=0000016b6ced9397a80a620236405520&src=GD_JOB_AD&t=SR&extid=1&exst=OL&ist=&ast=OL&vt=w&slr=true&ea=1&cs=1_add0a07e&cb=1560900638163&jobListingId=3243872381"
"Application Engineer","","OR","Portland","","Portland, OR","https://www.glassdoor.com/partner/jobListing.htm?pos=108&ao=133469&s=58&guid=0000016b6ced9397a80a620236405520&src=GD_JOB_AD&t=SR&extid=1&exst=OL&ist=&ast=OL&vt=w&slr=true&cs=1_3045dd52&cb=1560900638164&jobListingId=3116803299"
"Application Engineer","","OR","Portland","","Portland, OR","https://www.glassdoor.com/partner/jobListing.htm?pos=109&ao=182759&s=58&guid=0000016b6ced9397a80a620236405520&src=GD_JOB_AD&t=SR&extid=1&exst=OL&ist=&ast=OL&vt=w&slr=true&cs=1_6bdbcd76&cb=1560900638165&jobListingId=3264129910"
"Product Engineer 4","","OR","Tualatin","","Tualatin, OR","https://www.glassdoor.com/partner/jobListing.htm?pos=110&ao=246601&s=58&guid=0000016b6ced9397a80a620236405520&src=GD_JOB_AD&t=SR&extid=1&exst=OL&ist=&ast=OL&vt=w&slr=true&cs=1_e8fd401f&cb=1560900638166&jobListingId=3247099885"
"Application Scientist / Application Engineer","","OR","Hillsboro","","Hillsboro, OR","https://www.glassdoor.com/partner/jobListing.htm?pos=111&ao=133879&s=58&guid=0000016b6ced9397a80a620236405520&src=GD_JOB_AD&t=SR&extid=1&exst=OL&ist=&ast=OL&vt=w&slr=true&cs=1_da72198e&cb=1560900638167&jobListingId=3202391758"
"Application Engineer","","OR","Portland","","Portland, OR","https://www.glassdoor.com/partner/jobListing.htm?pos=112&ao=3949&s=58&guid=0000016b6ced9397a80a620236405520&src=GD_JOB_AD&t=SR&extid=1&exst=OL&ist=&ast=OL&vt=w&slr=true&cs=1_e090975e&cb=1560900638168&jobListingId=3240710974"
"Test Principal Engineer","","OR","Beaverton","","Beaverton, OR","https://www.glassdoor.com/partner/jobListing.htm?pos=113&ao=621967&s=58&guid=0000016b6ced9397a80a620236405520&src=GD_JOB_AD&t=SR&extid=1&exst=OL&ist=&ast=OL&vt=w&slr=true&cs=1_034a185f&cb=1560900638169&jobListingId=3262060274"
"Applications Engineer","","OR","Beaverton","","Beaverton, OR","https://www.glassdoor.com/partner/jobListing.htm?pos=114&ao=3839&s=58&guid=0000016b6ced9397a80a620236405520&src=GD_JOB_AD&t=SR&extid=1&exst=OL&ist=&ast=OL&vt=w&slr=true&cs=1_af078ab6&cb=1560900638170&jobListingId=3175641311"
"Telecom Engineer (level 1-4) - Portland, Oregon","","OR","Portland","","Portland, OR","https://www.glassdoor.com/partner/jobListing.htm?pos=115&ao=37049&s=58&guid=0000016b6ced9397a80a620236405520&src=GD_JOB_AD&t=SR&extid=1&exst=OL&ist=&ast=OL&vt=w&slr=true&cs=1_6e93fc71&cb=1560900638171&jobListingId=3269699480"
"Entry Level Probes Hardware Design Engineer","","OR","Beaverton","","Beaverton, OR","https://www.glassdoor.com/partner/jobListing.htm?pos=116&ao=3839&s=58&guid=0000016b6ced9397a80a620236405520&src=GD_JOB_AD&t=SR&extid=1&exst=OL&ist=&ast=OL&vt=w&slr=true&cs=1_a5b9f4b7&cb=1560900638172&jobListingId=3246494045"
"Applications Engineer","","OR","Hillsboro","","Hillsboro, OR","https://www.glassdoor.com/partner/jobListing.htm?pos=117&ao=4121&s=58&guid=0000016b6ced9397a80a620236405520&src=GD_JOB_AD&t=SR&extid=1&exst=OL&ist=&ast=OL&vt=w&slr=true&cs=1_40e48bb0&cb=1560900638173&jobListingId=3194821409"
"UTRAN RF Engineer","","OR","Portland","","Portland, OR","https://www.glassdoor.com/partner/jobListing.htm?pos=118&ao=85058&s=58&guid=0000016b6ced9397a80a620236405520&src=GD_JOB_AD&t=SR&extid=1&exst=OL&ist=&ast=OL&vt=w&slr=true&cs=1_69e9b2d6&cb=1560900638174&jobListingId=3268007445"
"Telecommunications Engineer","","OR","Portland","","Portland, OR","https://www.glassdoor.com/partner/jobListing.htm?pos=119&ao=454823&s=58&guid=0000016b6ced9397a80a620236405520&src=GD_JOB_AD&t=SR&extid=1&exst=OL&ist=&ast=OL&vt=w&slr=true&cs=1_01064108&cb=1560900638175&jobListingId=3222914096"
"Business Intelligence Engineer (Application Engineer, Sr)","","OR","Portland","","Portland, OR","https://www.glassdoor.com/partner/jobListing.htm?pos=120&ao=189299&s=58&guid=0000016b6ced9397a80a620236405520&src=GD_JOB_AD&t=SR&extid=1&exst=OL&ist=&ast=OL&vt=w&slr=true&cs=1_08cf386f&cb=1560900638176&jobListingId=3269175783"
"Robotics Application Engineer","","OR","Portland","","Portland, OR","https://www.glassdoor.com/partner/jobListing.htm?pos=121&ao=4348&s=58&guid=0000016b6ced9397a80a620236405520&src=GD_JOB_AD&t=SR&extid=1&exst=OL&ist=&ast=OL&vt=w&slr=true&ea=1&cs=1_36884e62&cb=1560900638177&jobListingId=3250030982"
"RF Engineer - DAS","","OR","Portland","","Portland, OR","https://www.glassdoor.com/partner/jobListing.htm?pos=122&ao=389273&s=58&guid=0000016b6ced9397a80a620236405520&src=GD_JOB_AD&t=SR&extid=1&exst=OL&ist=&ast=OL&vt=w&slr=true&ea=1&cs=1_a1669a7d&cb=1560900638178&jobListingId=3263440407"
"Applications Engineer I","","WA","Vancouver","","Vancouver, WA","https://www.glassdoor.com/partner/jobListing.htm?pos=123&ao=447365&s=58&guid=0000016b6ced9397a80a620236405520&src=GD_JOB_AD&t=SR&extid=1&exst=OL&ist=&ast=OL&vt=w&slr=true&cs=1_5c0eec08&cb=1560900638179&jobListingId=3247245959"
"Industrial Engineer","","OR","Gresham","","Gresham, OR","https://www.glassdoor.com/partner/jobListing.htm?pos=124&ao=133076&s=58&guid=0000016b6ced9397a80a620236405520&src=GD_JOB_AD&t=SR&extid=1&exst=OL&ist=&ast=OL&vt=w&slr=true&cs=1_f91debf7&cb=1560900638180&jobListingId=3232561888"
"High-Speed Connectivity Applications Engineer","","OR","Wilsonville","","Wilsonville, OR","https://www.glassdoor.com/partner/jobListing.htm?pos=125&ao=4128&s=58&guid=0000016b6ced9397a80a620236405520&src=GD_JOB_AD&t=SR&extid=1&exst=OL&ist=&ast=OL&vt=w&slr=true&cs=1_dc3458f0&cb=1560900638181&jobListingId=3257548618"
"Application Engineer","","OR","Beaverton","","Beaverton, OR","https://www.glassdoor.com/partner/jobListing.htm?pos=126&ao=83255&s=58&guid=0000016b6ced9397a80a620236405520&src=GD_JOB_AD&t=SR&extid=1&exst=OL&ist=&ast=OL&vt=w&slr=true&cs=1_94d9b259&cb=1560900638182&jobListingId=3269312850"
"Battery Storage and Microgrid Analyst (Sales/Application Engineering)","","OR","Wilsonville","","Wilsonville, OR","https://www.glassdoor.com/partner/jobListing.htm?pos=127&ao=4120&s=58&guid=0000016b6ced9397a80a620236405520&src=GD_JOB_AD&t=SR&extid=1&exst=OL&ist=&ast=OL&vt=w&slr=true&cs=1_18906e84&cb=1560900638183&jobListingId=3099738789"
"Entry Level Probes Hardware Design Engineer","","OR","Beaverton","","Beaverton, OR","https://www.glassdoor.com/partner/jobListing.htm?pos=128&ao=182759&s=58&guid=0000016b6ced9397a80a620236405520&src=GD_JOB_AD&t=SR&extid=1&exst=OL&ist=&ast=OL&vt=w&slr=true&cs=1_7bb30974&cb=1560900638183&jobListingId=3248613208"
