"Name","Company","State","City","Salary","Location","Url"
"RF Systems Engineer","","WA","Seattle","","Seattle, WA","https://www.glassdoor.com/partner/jobListing.htm?pos=101&ao=651505&s=149&guid=0000016b6ced70a58473323e4e02983b&src=GD_JOB_AD&t=SRFJ&extid=4&exst=OL&ist=&ast=OL&vt=w&slr=true&ea=1&cs=1_5ef6aade&cb=1560900629910&jobListingId=3147387658"
"Sr Engineer, Device Technology Development","","WA","Bellevue","","Bellevue, WA","https://www.glassdoor.com/partner/jobListing.htm?pos=101&ao=295726&s=58&guid=0000016b6ced70a5a796deaf9ea8b95e&src=GD_JOB_AD&t=SR&extid=1&exst=OL&ist=&ast=OL&vt=w&slr=true&cs=1_34295b2f&cb=1560900629912&jobListingId=3206682581"
"Application Engineer - Lab","","WA","Seattle","","Seattle, WA","https://www.glassdoor.com/partner/jobListing.htm?pos=102&ao=447365&s=58&guid=0000016b6ced70a5a796deaf9ea8b95e&src=GD_JOB_AD&t=SR&extid=1&exst=OL&ist=&ast=OL&vt=w&slr=true&cs=1_8d63e640&cb=1560900629913&jobListingId=3264115789"
"RF Design Engineer","","WA","Redmond","","Redmond, WA","https://www.glassdoor.com/partner/jobListing.htm?pos=103&ao=447365&s=58&guid=0000016b6ced70a5a796deaf9ea8b95e&src=GD_JOB_AD&t=SR&extid=1&exst=OL&ist=&ast=OL&vt=w&slr=true&cs=1_036c8bbe&cb=1560900629914&jobListingId=3196732959"
"RF Engineer","","WA","Mukilteo","","Mukilteo, WA","https://www.glassdoor.com/partner/jobListing.htm?pos=104&ao=447365&s=58&guid=0000016b6ced70a5a796deaf9ea8b95e&src=GD_JOB_AD&t=SR&extid=1&exst=OL&ist=&ast=OL&vt=w&slr=true&cs=1_920431a1&cb=1560900629916&jobListingId=3195993461"
"Application Engineer","","WA","Seattle","","Seattle, WA","https://www.glassdoor.com/partner/jobListing.htm?pos=105&ao=447365&s=58&guid=0000016b6ced70a5a796deaf9ea8b95e&src=GD_JOB_AD&t=SR&extid=1&exst=OL&ist=&ast=OL&vt=w&slr=true&cs=1_7330c344&cb=1560900629917&jobListingId=3231509226"
"RF Engineer","","WA","Mukilteo","","Mukilteo, WA","https://www.glassdoor.com/partner/jobListing.htm?pos=106&ao=176976&s=58&guid=0000016b6ced70a5a796deaf9ea8b95e&src=GD_JOB_AD&t=SR&extid=1&exst=OL&ist=&ast=OL&vt=w&slr=true&cs=1_5d42da42&cb=1560900629918&jobListingId=3183667411"
"RF Engineer","","WA","Seattle","","Seattle, WA","https://www.glassdoor.com/partner/jobListing.htm?pos=107&ao=447365&s=58&guid=0000016b6ced70a5a796deaf9ea8b95e&src=GD_JOB_AD&t=SR&extid=1&exst=OL&ist=&ast=OL&vt=w&slr=true&cs=1_c3aac99f&cb=1560900629919&jobListingId=3195852569"
"Wifi Test Engineer/ RF Engineer/ Wifi Engineer With Bluetooth,802.11,","","WA","Redmond","","Redmond, WA","https://www.glassdoor.com/partner/jobListing.htm?pos=108&ao=389273&s=58&guid=0000016b6ced70a5a796deaf9ea8b95e&src=GD_JOB_AD&t=SR&extid=1&exst=OL&ist=&ast=OL&vt=w&slr=true&ea=1&cs=1_f96c04e3&cb=1560900629920&jobListingId=3268976625"
"RF/Microwave Engineer","","WA","Redmond","","Redmond, WA","https://www.glassdoor.com/partner/jobListing.htm?pos=109&ao=447365&s=58&guid=0000016b6ced70a5a796deaf9ea8b95e&src=GD_JOB_AD&t=SR&extid=1&exst=OL&ist=&ast=OL&vt=w&slr=true&cs=1_68b96a72&cb=1560900629922&jobListingId=3196010608"
"RF Antenna Engineer","","WA","Seattle","","Seattle, WA","https://www.glassdoor.com/partner/jobListing.htm?pos=110&ao=447365&s=58&guid=0000016b6ced70a5a796deaf9ea8b95e&src=GD_JOB_AD&t=SR&extid=1&exst=OL&ist=&ast=OL&vt=w&slr=true&cs=1_c2d94108&cb=1560900629923&jobListingId=3195744943"
"Network Engineer - SATCOM RF","","WA","Kirkland","","Kirkland, WA","https://www.glassdoor.com/partner/jobListing.htm?pos=111&ao=352789&s=58&guid=0000016b6ced70a5a796deaf9ea8b95e&src=GD_JOB_AD&t=SR&extid=1&exst=OL&ist=&ast=OL&vt=w&slr=true&cs=1_f3a42c9c&cb=1560900629924&jobListingId=3266779091"
"EMC/RF Compliance Engineer","","WA","Redmond","","Redmond, WA","https://www.glassdoor.com/partner/jobListing.htm?pos=112&ao=447365&s=58&guid=0000016b6ced70a5a796deaf9ea8b95e&src=GD_JOB_AD&t=SR&extid=1&exst=OL&ist=&ast=OL&vt=w&slr=true&cs=1_6a9de855&cb=1560900629926&jobListingId=3259268454"
"RF Test Engineer","","WA","Kirkland","","Kirkland, WA","https://www.glassdoor.com/partner/jobListing.htm?pos=113&ao=447365&s=58&guid=0000016b6ced70a5a796deaf9ea8b95e&src=GD_JOB_AD&t=SR&extid=1&exst=OL&ist=&ast=OL&vt=w&slr=true&cs=1_73a9dbf4&cb=1560900629926&jobListingId=3257929815"
"Application Engineer","","WA","Kirkland","","Kirkland, WA","https://www.glassdoor.com/partner/jobListing.htm?pos=114&ao=83255&s=58&guid=0000016b6ced70a5a796deaf9ea8b95e&src=GD_JOB_AD&t=SR&extid=1&exst=OL&ist=&ast=OL&vt=w&slr=true&cs=1_c95b4db7&cb=1560900629927&jobListingId=3239244688"
"RF Engineers","","WA","Seattle","","Seattle, WA","https://www.glassdoor.com/partner/jobListing.htm?pos=115&ao=447365&s=58&guid=0000016b6ced70a5a796deaf9ea8b95e&src=GD_JOB_AD&t=SR&extid=1&exst=OL&ist=&ast=OL&vt=w&slr=true&ea=1&cs=1_a04d0cc5&cb=1560900629928&jobListingId=3195885536"
"Application Engineer","","WA","Seattle","","Seattle, WA","https://www.glassdoor.com/partner/jobListing.htm?pos=116&ao=85058&s=58&guid=0000016b6ced70a5a796deaf9ea8b95e&src=GD_JOB_AD&t=SR&extid=1&exst=OL&ist=&ast=OL&vt=w&slr=true&cs=1_b92aa6aa&cb=1560900629929&jobListingId=3255581893"
"RF Engineer 2","","WA","Redmond","","Redmond, WA","https://www.glassdoor.com/partner/jobListing.htm?pos=117&ao=352789&s=58&guid=0000016b6ced70a5a796deaf9ea8b95e&src=GD_JOB_AD&t=SR&extid=1&exst=OL&ist=&ast=OL&vt=w&slr=true&cs=1_24dd979f&cb=1560900629931&jobListingId=3263464721"
"RF Design Engineer","","WA","Seattle","","Seattle, WA","https://www.glassdoor.com/partner/jobListing.htm?pos=118&ao=447365&s=58&guid=0000016b6ced70a5a796deaf9ea8b95e&src=GD_JOB_AD&t=SR&extid=1&exst=OL&ist=&ast=OL&vt=w&slr=true&cs=1_a30734e5&cb=1560900629932&jobListingId=3196028594"
"RF and Modem Integration Engineer","","WA","Redmond","","Redmond, WA","https://www.glassdoor.com/partner/jobListing.htm?pos=119&ao=447365&s=58&guid=0000016b6ced70a5a796deaf9ea8b95e&src=GD_JOB_AD&t=SR&extid=1&exst=OL&ist=&ast=OL&vt=w&slr=true&cs=1_ca87019a&cb=1560900629933&jobListingId=3239007811"
"Communications Systems Engineering","","WA","Seattle","","Seattle, WA","https://www.glassdoor.com/partner/jobListing.htm?pos=120&ao=663457&s=58&guid=0000016b6ced70a5a796deaf9ea8b95e&src=GD_JOB_AD&t=SR&extid=1&exst=OL&ist=&ast=OL&vt=w&slr=true&cs=1_92796ed2&cb=1560900629935&jobListingId=2853300762"
"Sr. RF/Microwave Engineer","","WA","Redmond","","Redmond, WA","https://www.glassdoor.com/partner/jobListing.htm?pos=121&ao=352789&s=58&guid=0000016b6ced70a5a796deaf9ea8b95e&src=GD_JOB_AD&t=SR&extid=1&exst=OL&ist=&ast=OL&vt=w&slr=true&cs=1_6bc6cbab&cb=1560900629936&jobListingId=3162603255"
"Telecom Engineer - Structured Cabling Systems","","WA","Seattle","","Seattle, WA","https://www.glassdoor.com/partner/jobListing.htm?pos=122&ao=661183&s=58&guid=0000016b6ced70a5a796deaf9ea8b95e&src=GD_JOB_AD&t=SR&extid=1&exst=OL&ist=&ast=OL&vt=w&slr=true&cs=1_52739d6d&cb=1560900629937&jobListingId=2845531239"
"Communications engineer","","WA","Seattle","","Seattle, WA","https://www.glassdoor.com/partner/jobListing.htm?pos=123&ao=447365&s=58&guid=0000016b6ced70a5a796deaf9ea8b95e&src=GD_JOB_AD&t=SR&extid=1&exst=OL&ist=&ast=OL&vt=w&slr=true&cs=1_6dcfd3f4&cb=1560900629939&jobListingId=3195863595"
"PCB Layout Engineer","","WA","Seattle","","Seattle, WA","https://www.glassdoor.com/partner/jobListing.htm?pos=124&ao=447365&s=58&guid=0000016b6ced70a5a796deaf9ea8b95e&src=GD_JOB_AD&t=SR&extid=1&exst=OL&ist=&ast=OL&vt=w&slr=true&cs=1_1fb8696c&cb=1560900629940&jobListingId=3196478044"
"RF Systems Engineer, Augmented Reality","","WA","Redmond","","Redmond, WA","https://www.glassdoor.com/partner/jobListing.htm?pos=125&ao=189299&s=58&guid=0000016b6ced70a5a796deaf9ea8b95e&src=GD_JOB_AD&t=SR&extid=1&exst=OL&ist=&ast=OL&vt=w&slr=true&cs=1_e212e0ee&cb=1560900629941&jobListingId=3121071476"
"Senior RF Engineer","","WA","Redmond","","Redmond, WA","https://www.glassdoor.com/partner/jobListing.htm?pos=126&ao=447365&s=58&guid=0000016b6ced70a5a796deaf9ea8b95e&src=GD_JOB_AD&t=SR&extid=1&exst=OL&ist=&ast=OL&vt=w&slr=true&cs=1_c8304236&cb=1560900629942&jobListingId=3195798481"
"EMC/RF Compliance Test Engineer","","WA","Redmond","","Redmond, WA","https://www.glassdoor.com/partner/jobListing.htm?pos=127&ao=447365&s=58&guid=0000016b6ced70a5a796deaf9ea8b95e&src=GD_JOB_AD&t=SR&extid=1&exst=OL&ist=&ast=OL&vt=w&slr=true&cs=1_e1e7844a&cb=1560900629944&jobListingId=3246891484"
"Applications Engineer","","WA","Seattle","","Seattle, WA","https://www.glassdoor.com/partner/jobListing.htm?pos=128&ao=447365&s=58&guid=0000016b6ced70a5a796deaf9ea8b95e&src=GD_JOB_AD&t=SR&extid=1&exst=OL&ist=&ast=OL&vt=w&slr=true&cs=1_87f39b96&cb=1560900629946&jobListingId=3254526506"
"Sensor Characterization and Applications Engineer","","WA","Redmond","","Redmond, WA","https://www.glassdoor.com/partner/jobListing.htm?pos=129&ao=447365&s=58&guid=0000016b6ced70a5a796deaf9ea8b95e&src=GD_JOB_AD&t=SR&extid=1&exst=OL&ist=&ast=OL&vt=w&slr=true&cs=1_ab3559dc&cb=1560900629947&jobListingId=3264846740"
