"Name","Company","State","City","Salary","Location","Url"
"RF Test Engineer","","CA","Santa Clara","","Santa Clara, CA","https://www.glassdoor.com/partner/jobListing.htm?pos=101&ao=676175&s=149&guid=0000016b6cec9a85b1d7e55624055564&src=GD_JOB_AD&t=SRFJ&extid=4&exst=OL&ist=&ast=OL&vt=w&slr=true&ea=1&cs=1_e17ca636&cb=1560900574418&jobListingId=3238967466"
"5G mmWave RF Field Application Engineer","","CA","San Jose","","San Jose, CA","https://www.glassdoor.com/partner/jobListing.htm?pos=102&ao=371195&s=149&guid=0000016b6cec9a85b1d7e55624055564&src=GD_JOB_AD&t=SRFJ&extid=4&exst=OL&ist=&ast=OL&vt=w&slr=true&cs=1_bb8546cd&cb=1560900574420&jobListingId=3063149176"
"Senior RF Engineer","","CA","Cupertino","","Cupertino, CA","https://www.glassdoor.com/partner/jobListing.htm?pos=101&ao=692330&s=58&guid=0000016b6cec9a85ba2b0ac6594e0450&src=GD_JOB_AD&t=SR&extid=1&exst=OL&ist=&ast=OL&vt=w&slr=true&ea=1&cs=1_28efafb2&cb=1560900574421&jobListingId=3243814502"
"Sr Staff Applications Engineer","","CA","Mountain View","","Mountain View, CA","https://www.glassdoor.com/partner/jobListing.htm?pos=102&ao=182503&s=58&guid=0000016b6cec9a85ba2b0ac6594e0450&src=GD_JOB_AD&t=SR&extid=1&exst=OL&ist=&ast=OL&vt=w&slr=true&cs=1_d26f2ef4&cb=1560900574422&jobListingId=3144215965"
"Applications Engineer","","CA","Mountain View","","Mountain View, CA","https://www.glassdoor.com/partner/jobListing.htm?pos=103&ao=182503&s=58&guid=0000016b6cec9a85ba2b0ac6594e0450&src=GD_JOB_AD&t=SR&extid=1&exst=OL&ist=&ast=OL&vt=w&slr=true&cs=1_47ab697a&cb=1560900574423&jobListingId=3262091125"
"Staff Mm-Wave/RF PLL IC Engineer","","CA","Cupertino","","Cupertino, CA","https://www.glassdoor.com/partner/jobListing.htm?pos=104&ao=692330&s=58&guid=0000016b6cec9a85ba2b0ac6594e0450&src=GD_JOB_AD&t=SR&extid=1&exst=OL&ist=&ast=OL&vt=w&slr=true&ea=1&cs=1_9973738e&cb=1560900574424&jobListingId=3243863286"
"Applications Engineer - Formality","","CA","Mountain View","","Mountain View, CA","https://www.glassdoor.com/partner/jobListing.htm?pos=105&ao=182503&s=58&guid=0000016b6cec9a85ba2b0ac6594e0450&src=GD_JOB_AD&t=SR&extid=1&exst=OL&ist=&ast=OL&vt=w&slr=true&cs=1_29dacd3d&cb=1560900574425&jobListingId=3185825277"
"RF Systems Hardware Engineer","","CA","Cupertino","","Cupertino, CA","https://www.glassdoor.com/partner/jobListing.htm?pos=106&ao=602504&s=58&guid=0000016b6cec9a85ba2b0ac6594e0450&src=GD_JOB_AD&t=SR&extid=1&exst=OL&ist=&ast=OL&vt=w&slr=true&cs=1_7cbc42f5&cb=1560900574426&jobListingId=3261787240"
"Formality Product Applications Engineer","","CA","Mountain View","","Mountain View, CA","https://www.glassdoor.com/partner/jobListing.htm?pos=107&ao=182503&s=58&guid=0000016b6cec9a85ba2b0ac6594e0450&src=GD_JOB_AD&t=SR&extid=1&exst=OL&ist=&ast=OL&vt=w&slr=true&cs=1_0e53e35c&cb=1560900574427&jobListingId=3063808855"
"Field Application Engineer","","CA","San Jose","","San Jose, CA","https://www.glassdoor.com/partner/jobListing.htm?pos=108&ao=664145&s=58&guid=0000016b6cec9a85ba2b0ac6594e0450&src=GD_JOB_AD&t=SR&extid=1&exst=OL&ist=&ast=OL&vt=w&slr=true&cs=1_44bc927b&cb=1560900574428&jobListingId=3243236710"
"Staff Applications Engineer","","CA","Mountain View","","Mountain View, CA","https://www.glassdoor.com/partner/jobListing.htm?pos=109&ao=182503&s=58&guid=0000016b6cec9a85ba2b0ac6594e0450&src=GD_JOB_AD&t=SR&extid=1&exst=OL&ist=&ast=OL&vt=w&slr=true&cs=1_6de3a60d&cb=1560900574429&jobListingId=3144215967"
"Senior Application Engineering Consultant","","CA","Fremont","","Fremont, CA","https://www.glassdoor.com/partner/jobListing.htm?pos=110&ao=201331&s=58&guid=0000016b6cec9a85ba2b0ac6594e0450&src=GD_JOB_AD&t=SR&extid=1&exst=OL&ist=&ast=OL&vt=w&slr=true&cs=1_23787ff1&cb=1560900574431&jobListingId=3202120313"
"Junior Application Engineer","","CA","Redwood City","","Redwood City, CA","https://www.glassdoor.com/partner/jobListing.htm?pos=111&ao=652266&s=58&guid=0000016b6cec9a85ba2b0ac6594e0450&src=GD_JOB_AD&t=SR&extid=1&exst=OL&ist=&ast=OL&vt=w&slr=true&cs=1_56315870&cb=1560900574432&jobListingId=3242947996"
"Senior Applications Engineer - PCIe","","CA","Mountain View","","Mountain View, CA","https://www.glassdoor.com/partner/jobListing.htm?pos=112&ao=182503&s=58&guid=0000016b6cec9a85ba2b0ac6594e0450&src=GD_JOB_AD&t=SR&extid=1&exst=OL&ist=&ast=OL&vt=w&slr=true&cs=1_befc0c7f&cb=1560900574434&jobListingId=3257831619"
"Compliance Safety Engineer","","CA","Newark","","Newark, CA","https://www.glassdoor.com/partner/jobListing.htm?pos=113&ao=677422&s=58&guid=0000016b6cec9a85ba2b0ac6594e0450&src=GD_JOB_AD&t=SR&extid=1&exst=OL&ist=&ast=OL&vt=w&slr=true&ea=1&cs=1_81b10299&cb=1560900574435&jobListingId=2980788932"
"RF Integrity Engineer","","CA","Cupertino","","Cupertino, CA","https://www.glassdoor.com/partner/jobListing.htm?pos=114&ao=602504&s=58&guid=0000016b6cec9a85ba2b0ac6594e0450&src=GD_JOB_AD&t=SR&extid=1&exst=OL&ist=&ast=OL&vt=w&slr=true&cs=1_d02587d0&cb=1560900574437&jobListingId=3194360599"
"RF Systems Hardware Engineer - Multi-radio Coexistence","","CA","Cupertino","","Cupertino, CA","https://www.glassdoor.com/partner/jobListing.htm?pos=115&ao=602504&s=58&guid=0000016b6cec9a85ba2b0ac6594e0450&src=GD_JOB_AD&t=SR&extid=1&exst=OL&ist=&ast=OL&vt=w&slr=true&cs=1_f36367b9&cb=1560900574438&jobListingId=3243023761"
"Field Application Engineer","","CA","Cupertino","","Cupertino, CA","https://www.glassdoor.com/partner/jobListing.htm?pos=116&ao=602504&s=58&guid=0000016b6cec9a85ba2b0ac6594e0450&src=GD_JOB_AD&t=SR&extid=1&exst=OL&ist=&ast=OL&vt=w&slr=true&cs=1_91d715e6&cb=1560900574439&jobListingId=3244262887"
"Sr. RF Design Engineer","","CA","Santa Clara","","Santa Clara, CA","https://www.glassdoor.com/partner/jobListing.htm?pos=117&ao=676173&s=58&guid=0000016b6cec9a85ba2b0ac6594e0450&src=GD_JOB_AD&t=SR&extid=1&exst=OL&ist=&ast=OL&vt=w&slr=true&ea=1&cs=1_57483be8&cb=1560900574440&jobListingId=2972356799"
"Software Application Engineer III","","CA","Pleasanton","","Pleasanton, CA","https://www.glassdoor.com/partner/jobListing.htm?pos=118&ao=615587&s=58&guid=0000016b6cec9a85ba2b0ac6594e0450&src=GD_JOB_AD&t=SR&extid=1&exst=OL&ist=&ast=OL&vt=w&slr=true&cs=1_91f6018a&cb=1560900574441&jobListingId=3268955248"
"RF Reliability Engineer","","CA","Cupertino","","Cupertino, CA","https://www.glassdoor.com/partner/jobListing.htm?pos=119&ao=602504&s=58&guid=0000016b6cec9a85ba2b0ac6594e0450&src=GD_JOB_AD&t=SR&extid=1&exst=OL&ist=&ast=OL&vt=w&slr=true&cs=1_88c96254&cb=1560900574442&jobListingId=3194362012"
"Senior Applications Engineer","","CA","Foster City","","Foster City, CA","https://www.glassdoor.com/partner/jobListing.htm?pos=120&ao=681603&s=58&guid=0000016b6cec9a85ba2b0ac6594e0450&src=GD_JOB_AD&t=SR&extid=1&exst=OL&ist=&ast=OL&vt=w&slr=true&cs=1_a5d01a4d&cb=1560900574443&jobListingId=3063146690"
"RF Engineer","","CA","Cupertino","","Cupertino, CA","https://www.glassdoor.com/partner/jobListing.htm?pos=121&ao=85058&s=58&guid=0000016b6cec9a85ba2b0ac6594e0450&src=GD_JOB_AD&t=SR&extid=1&exst=OL&ist=&ast=OL&vt=w&slr=true&cs=1_8365255a&cb=1560900574444&jobListingId=3269717391"
"Senior Applications Engineer, Liquid Handling","","CA","Redwood City","","Redwood City, CA","https://www.glassdoor.com/partner/jobListing.htm?pos=122&ao=682013&s=58&guid=0000016b6cec9a85ba2b0ac6594e0450&src=GD_JOB_AD&t=SR&extid=1&exst=OL&ist=&ast=OL&vt=w&slr=true&cs=1_97a76735&cb=1560900574445&jobListingId=3203962389"
"RF Design Engineer - PA, Front End Module and RF Switches","","CA","San Jose","","San Jose, CA","https://www.glassdoor.com/partner/jobListing.htm?pos=123&ao=621961&s=58&guid=0000016b6cec9a85ba2b0ac6594e0450&src=GD_JOB_AD&t=SR&extid=1&exst=OL&ist=&ast=OL&vt=w&slr=true&cs=1_6296e8a8&cb=1560900574446&jobListingId=3266304296"
"Principal Application Engineer","","CA","Santa Clara","","Santa Clara, CA","https://www.glassdoor.com/partner/jobListing.htm?pos=124&ao=483515&s=58&guid=0000016b6cec9a85ba2b0ac6594e0450&src=GD_JOB_AD&t=SR&extid=1&exst=OL&ist=&ast=OL&vt=w&slr=true&cs=1_7a569ed7&cb=1560900574447&jobListingId=3223987545"
"RF Desense Hardware Engineer","","CA","Mountain View","","Mountain View, CA","https://www.glassdoor.com/partner/jobListing.htm?pos=125&ao=37049&s=58&guid=0000016b6cec9a85ba2b0ac6594e0450&src=GD_JOB_AD&t=SR&extid=1&exst=OL&ist=&ast=OL&vt=w&slr=true&cs=1_b36d1823&cb=1560900574448&jobListingId=3062953341"
"Field Application Engineer","","CA","San Jose","","San Jose, CA","https://www.glassdoor.com/partner/jobListing.htm?pos=126&ao=662387&s=58&guid=0000016b6cec9a85ba2b0ac6594e0450&src=GD_JOB_AD&t=SR&extid=1&exst=OL&ist=&ast=OL&vt=w&slr=true&ea=1&cs=1_7a1d19f1&cb=1560900574449&jobListingId=3052149323"
"Applications Engineer","","CA","Fremont","","Fremont, CA","https://www.glassdoor.com/partner/jobListing.htm?pos=127&ao=201331&s=58&guid=0000016b6cec9a85ba2b0ac6594e0450&src=GD_JOB_AD&t=SR&extid=1&exst=OL&ist=&ast=OL&vt=w&slr=true&cs=1_4cc35b95&cb=1560900574450&jobListingId=3230222298"
"DRAM Field Application Engineer","","CA","San Jose","","San Jose, CA","https://www.glassdoor.com/partner/jobListing.htm?pos=128&ao=667444&s=58&guid=0000016b6cec9a85ba2b0ac6594e0450&src=GD_JOB_AD&t=SR&extid=1&exst=OL&ist=&ast=OL&vt=w&slr=true&cs=1_4de7a925&cb=1560900574451&jobListingId=3248205260"
