"Name","Company","State","City","Salary","Location","Url"
"RF Design Engineer","","CA","Sacramento","","Sacramento, CA","https://www.glassdoor.com/partner/jobListing.htm?pos=101&ao=389273&s=58&guid=0000016b6cec43098edd4e0d09d9a9d1&src=GD_JOB_AD&t=SR&extid=1&exst=OL&ist=&ast=OL&vt=w&slr=true&ea=1&cs=1_c9754fb6&cb=1560900551930&jobListingId=3263465787"
"Application Engineer with ATE, Memory Test","","CA","Folsom","","Folsom, CA","https://www.glassdoor.com/partner/jobListing.htm?pos=102&ao=371195&s=58&guid=0000016b6cec43098edd4e0d09d9a9d1&src=GD_JOB_AD&t=SR&extid=1&exst=OL&ist=&ast=OL&vt=w&slr=true&cs=1_5f343313&cb=1560900551931&jobListingId=3095092808"
"RF Engineer","","CA","Sacramento","","Sacramento, CA","https://www.glassdoor.com/partner/jobListing.htm?pos=103&ao=291820&s=58&guid=0000016b6cec43098edd4e0d09d9a9d1&src=GD_JOB_AD&t=SR&extid=1&exst=OL&ist=&ast=OL&vt=w&slr=true&cs=1_f8f30d85&cb=1560900551932&jobListingId=3267430280"
"RF Engineer","","CA","Folsom","","Folsom, CA","https://www.glassdoor.com/partner/jobListing.htm?pos=104&ao=349930&s=58&guid=0000016b6cec43098edd4e0d09d9a9d1&src=GD_JOB_AD&t=SR&extid=1&exst=OL&ist=&ast=OL&vt=w&slr=true&cs=1_bb53c789&cb=1560900551933&jobListingId=3259210079"
"Applications Engineer","","CA","Folsom","","Folsom, CA","https://www.glassdoor.com/partner/jobListing.htm?pos=105&ao=133123&s=58&guid=0000016b6cec43098edd4e0d09d9a9d1&src=GD_JOB_AD&t=SR&extid=1&exst=OL&ist=&ast=OL&vt=w&slr=true&cs=1_e4bc136a&cb=1560900551934&jobListingId=3258720316"
"Engineer-RF - II","","CA","Folsom","","Folsom, CA","https://www.glassdoor.com/partner/jobListing.htm?pos=106&ao=4011&s=58&guid=0000016b6cec43098edd4e0d09d9a9d1&src=GD_JOB_AD&t=SR&extid=1&exst=OL&ist=&ast=OL&vt=w&slr=true&cs=1_4c73fe6d&cb=1560900551935&jobListingId=2821791383"
"Electrical Engineer I","","CA","Folsom","","Folsom, CA","https://www.glassdoor.com/partner/jobListing.htm?pos=107&ao=352789&s=58&guid=0000016b6cec43098edd4e0d09d9a9d1&src=GD_JOB_AD&t=SR&extid=1&exst=OL&ist=&ast=OL&vt=w&slr=true&cs=1_d7c08e62&cb=1560900551935&jobListingId=3124609141"
"Firmware Engineer","","CA","Florin","","Florin, CA","https://www.glassdoor.com/partner/jobListing.htm?pos=108&ao=352789&s=58&guid=0000016b6cec43098edd4e0d09d9a9d1&src=GD_JOB_AD&t=SR&extid=1&exst=OL&ist=&ast=OL&vt=w&slr=true&cs=1_ae991184&cb=1560900551936&jobListingId=3256857666"
"Systems Engineer II","","CA","Sacramento","","Sacramento, CA","https://www.glassdoor.com/partner/jobListing.htm?pos=109&ao=134337&s=58&guid=0000016b6cec43098edd4e0d09d9a9d1&src=GD_JOB_AD&t=SR&extid=1&exst=OL&ist=&ast=OL&vt=w&slr=true&ea=1&cs=1_f98c6fd9&cb=1560900551937&jobListingId=3258989753"
"RF Engineering Coordinator","","CA","Sacramento","","Sacramento, CA","https://www.glassdoor.com/partner/jobListing.htm?pos=110&ao=389273&s=58&guid=0000016b6cec43098edd4e0d09d9a9d1&src=GD_JOB_AD&t=SR&extid=1&exst=OL&ist=&ast=OL&vt=w&slr=true&ea=1&cs=1_d71d144f&cb=1560900551938&jobListingId=3263443036"
"Data Communications Engineer - III","","CA","Rocklin","","Rocklin, CA","https://www.glassdoor.com/partner/jobListing.htm?pos=111&ao=225321&s=58&guid=0000016b6cec43098edd4e0d09d9a9d1&src=GD_JOB_AD&t=SR&extid=1&exst=OL&ist=&ast=OL&vt=w&slr=true&cs=1_e7c95b46&cb=1560900551939&jobListingId=3215122495"
"Emulation Engineer II","","CA","Roseville","","Roseville, CA","https://www.glassdoor.com/partner/jobListing.htm?pos=112&ao=4120&s=58&guid=0000016b6cec43098edd4e0d09d9a9d1&src=GD_JOB_AD&t=SR&extid=1&exst=OL&ist=&ast=OL&vt=w&slr=true&cs=1_4fddab5a&cb=1560900551940&jobListingId=3178771941"
"Data Communications Engineer - III","","CA","Rocklin","","Rocklin, CA","https://www.glassdoor.com/partner/jobListing.htm?pos=113&ao=4120&s=58&guid=0000016b6cec43098edd4e0d09d9a9d1&src=GD_JOB_AD&t=SR&extid=1&exst=OL&ist=&ast=OL&vt=w&slr=true&cs=1_2cbaf762&cb=1560900551941&jobListingId=3257304195"
"Electronics Engineer (Analog Designer)","","CA","Rancho Cordova","","Rancho Cordova, CA","https://www.glassdoor.com/partner/jobListing.htm?pos=114&ao=215203&s=58&guid=0000016b6cec43098edd4e0d09d9a9d1&src=GD_JOB_AD&t=SR&extid=1&exst=OL&ist=&ast=OL&vt=w&slr=true&cs=1_5ea0b7a9&cb=1560900551942&jobListingId=2557571291"
"Principal Software Engineer","","CA","Folsom","","Folsom, CA","https://www.glassdoor.com/partner/jobListing.htm?pos=115&ao=133242&s=58&guid=0000016b6cec43098edd4e0d09d9a9d1&src=GD_JOB_AD&t=SR&extid=1&exst=OL&ist=&ast=OL&vt=w&slr=true&cs=1_9ba77d42&cb=1560900551943&jobListingId=3213360268"
"Data Communications Engineer - III","","CA","Rocklin","","Rocklin, CA","https://www.glassdoor.com/partner/jobListing.htm?pos=116&ao=4011&s=58&guid=0000016b6cec43098edd4e0d09d9a9d1&src=GD_JOB_AD&t=SR&extid=1&exst=OL&ist=&ast=OL&vt=w&slr=true&cs=1_8cdd048f&cb=1560900551944&jobListingId=2674812192"
"Principal / Sr. Principal Engineer Systems - RF","","CA","McClellan","","McClellan, CA","https://www.glassdoor.com/partner/jobListing.htm?pos=117&ao=132966&s=58&guid=0000016b6cec43098edd4e0d09d9a9d1&src=GD_JOB_AD&t=SR&extid=1&exst=OL&ist=&ast=OL&vt=w&slr=true&cs=1_1ab12d34&cb=1560900551945&jobListingId=3239052758"
"Cal OES: Electrical Engineering Student","","CA","Sacramento","","Sacramento, CA","https://www.glassdoor.com/partner/jobListing.htm?pos=118&ao=389273&s=58&guid=0000016b6cec43098edd4e0d09d9a9d1&src=GD_JOB_AD&t=SR&extid=1&exst=OL&ist=&ast=OL&vt=w&slr=true&ea=1&cs=1_8ba7c80e&cb=1560900551945&jobListingId=3246568261"
"Sr. Firmware Engineer","","CA","Roseville","","Roseville, CA","https://www.glassdoor.com/partner/jobListing.htm?pos=119&ao=4120&s=58&guid=0000016b6cec43098edd4e0d09d9a9d1&src=GD_JOB_AD&t=SR&extid=1&exst=OL&ist=&ast=OL&vt=w&slr=true&cs=1_afc06ccf&cb=1560900551946&jobListingId=3207234393"
"Senior Hardware Design Engineer","","CA","Rocklin","","Rocklin, CA","https://www.glassdoor.com/partner/jobListing.htm?pos=120&ao=349930&s=58&guid=0000016b6cec43098edd4e0d09d9a9d1&src=GD_JOB_AD&t=SR&extid=1&exst=OL&ist=&ast=OL&vt=w&slr=true&cs=1_35a65b67&cb=1560900551947&jobListingId=3204758141"
"Senior Data Communications Engineer","","CA","Rocklin","","Rocklin, CA","https://www.glassdoor.com/partner/jobListing.htm?pos=121&ao=349930&s=58&guid=0000016b6cec43098edd4e0d09d9a9d1&src=GD_JOB_AD&t=SR&extid=1&exst=OL&ist=&ast=OL&vt=w&slr=true&cs=1_a464ec03&cb=1560900551948&jobListingId=3215434332"
"Electrical Engineer Sr HDL / VHDL","","CA","Folsom","","Folsom, CA","https://www.glassdoor.com/partner/jobListing.htm?pos=122&ao=389273&s=58&guid=0000016b6cec43098edd4e0d09d9a9d1&src=GD_JOB_AD&t=SR&extid=1&exst=OL&ist=&ast=OL&vt=w&slr=true&ea=1&cs=1_b628cf7a&cb=1560900551949&jobListingId=3132581014"
"Hardware/Software Application Engineer","","CA","Sacramento","","Sacramento, CA","https://www.glassdoor.com/partner/jobListing.htm?pos=123&ao=4321&s=58&guid=0000016b6cec43098edd4e0d09d9a9d1&src=GD_JOB_AD&t=SR&extid=1&exst=OL&ist=&ast=OL&vt=w&slr=true&ea=1&cs=1_f3d99cce&cb=1560900551951&jobListingId=2789162702"
"Senior Analog Electronics Engineer","","CA","Rancho Cordova","","Rancho Cordova, CA","https://www.glassdoor.com/partner/jobListing.htm?pos=124&ao=215203&s=58&guid=0000016b6cec43098edd4e0d09d9a9d1&src=GD_JOB_AD&t=SR&extid=1&exst=OL&ist=&ast=OL&vt=w&slr=true&cs=1_c450e3a1&cb=1560900551952&jobListingId=2866435996"
