"Name","Company","State","City","Salary","Location","Url"
"Space Systems - Junior Level - RF Algorithm Engineer","","CA","El Segundo","","El Segundo, CA","https://www.glassdoor.com/partner/jobListing.htm?pos=101&ao=118621&s=149&guid=0000016b6ceced24b3d76abd01b53115&src=GD_JOB_AD&t=SRFJ&extid=4&exst=OL&ist=&ast=OL&vt=w&slr=true&cs=1_773bb76e&cb=1560900595648&jobListingId=3265592531"
"Space Systems - Mid/Senior Level RF Comms Systems Engineer - SSBI","","CA","El Segundo","","El Segundo, CA","https://www.glassdoor.com/partner/jobListing.htm?pos=102&ao=118621&s=149&guid=0000016b6ceced24b3d76abd01b53115&src=GD_JOB_AD&t=SRFJ&extid=4&exst=OL&ist=&ast=OL&vt=w&slr=true&cs=1_6552fdef&cb=1560900595649&jobListingId=3241092977"
"RF Microwave Engineer I","","CA","Pasadena","","Pasadena, CA","https://www.glassdoor.com/partner/jobListing.htm?pos=101&ao=80590&s=58&guid=0000016b6ceced2485e722402b7c3e79&src=GD_JOB_AD&t=SR&extid=1&exst=OL&ist=&ast=OL&vt=w&slr=true&cs=1_99b12f29&cb=1560900595650&jobListingId=3194969985"
"Systems Engineer I","","CA","El Segundo","","El Segundo, CA","https://www.glassdoor.com/partner/jobListing.htm?pos=102&ao=118621&s=58&guid=0000016b6ceced2485e722402b7c3e79&src=GD_JOB_AD&t=SR&extid=1&exst=OL&ist=&ast=OL&vt=w&slr=true&cs=1_8b58087c&cb=1560900595651&jobListingId=3232847314"
"RF Microwave Engineer III","","CA","Pasadena","","Pasadena, CA","https://www.glassdoor.com/partner/jobListing.htm?pos=103&ao=80590&s=58&guid=0000016b6ceced2485e722402b7c3e79&src=GD_JOB_AD&t=SR&extid=1&exst=OL&ist=&ast=OL&vt=w&slr=true&cs=1_b4d7c94c&cb=1560900595652&jobListingId=3228362147"
"Applications Engineer, Automation Robotics","","CA","Carson","","Carson, CA","https://www.glassdoor.com/partner/jobListing.htm?pos=104&ao=677340&s=58&guid=0000016b6ceced2485e722402b7c3e79&src=GD_JOB_AD&t=SR&extid=1&exst=OL&ist=&ast=OL&vt=w&slr=true&cs=1_1fe0e463&cb=1560900595654&jobListingId=3196061976"
"RF and Communications Engineer","","CA","El Segundo","","El Segundo, CA","https://www.glassdoor.com/partner/jobListing.htm?pos=105&ao=4341&s=58&guid=0000016b6ceced2485e722402b7c3e79&src=GD_JOB_AD&t=SR&extid=1&exst=OL&ist=&ast=OL&vt=w&slr=true&ea=1&cs=1_8deabb70&cb=1560900595655&jobListingId=3027789386"
"RF Microwave Design Engineer","","CA","Azusa","","Azusa, CA","https://www.glassdoor.com/partner/jobListing.htm?pos=106&ao=85059&s=58&guid=0000016b6ceced2485e722402b7c3e79&src=GD_JOB_AD&t=SR&extid=1&exst=OL&ist=&ast=OL&vt=w&slr=true&cs=1_399eefcf&cb=1560900595656&jobListingId=3266616051"
"Antenna RF Microwave Design Engineer 3","","CA","Redondo Beach","","Redondo Beach, CA","https://www.glassdoor.com/partner/jobListing.htm?pos=107&ao=459821&s=58&guid=0000016b6ceced2485e722402b7c3e79&src=GD_JOB_AD&t=SR&extid=1&exst=OL&ist=&ast=OL&vt=w&slr=true&cs=1_ecc00fc4&cb=1560900595656&jobListingId=3070838227"
"Principal RF Circuit Design Engineer","","CA","Manhattan Beach","","Manhattan Beach, CA","https://www.glassdoor.com/partner/jobListing.htm?pos=108&ao=459821&s=58&guid=0000016b6ceced2485e722402b7c3e79&src=GD_JOB_AD&t=SR&extid=1&exst=OL&ist=&ast=OL&vt=w&slr=true&cs=1_4aa73cea&cb=1560900595657&jobListingId=3227731216"
"Radio Frequency (RF) Engineer","","CA","Los Angeles","","Los Angeles, CA","https://www.glassdoor.com/partner/jobListing.htm?pos=109&ao=148364&s=58&guid=0000016b6ceced2485e722402b7c3e79&src=GD_JOB_AD&t=SR&extid=1&exst=OL&ist=&ast=OL&vt=w&slr=true&cs=1_6bf8aa61&cb=1560900595658&jobListingId=3187243929"
"Application Engineer I (Electrical Automotive Powertrain) (Long Beach, CA)","","CA","Long Beach","","Long Beach, CA","https://www.glassdoor.com/partner/jobListing.htm?pos=110&ao=370670&s=58&guid=0000016b6ceced2485e722402b7c3e79&src=GD_JOB_AD&t=SR&extid=1&exst=OL&ist=&ast=OL&vt=w&slr=true&cs=1_1c3b3435&cb=1560900595659&jobListingId=3147239277"
"Applications Engineer","","CA","Los Angeles","","Los Angeles, CA","https://www.glassdoor.com/partner/jobListing.htm?pos=111&ao=215203&s=58&guid=0000016b6ceced2485e722402b7c3e79&src=GD_JOB_AD&t=SR&extid=1&exst=OL&ist=&ast=OL&vt=w&slr=true&cs=1_043a1ec2&cb=1560900595660&jobListingId=3269207100"
"RF Engineer","","CA","Los Angeles","","Los Angeles, CA","https://www.glassdoor.com/partner/jobListing.htm?pos=112&ao=4120&s=58&guid=0000016b6ceced2485e722402b7c3e79&src=GD_JOB_AD&t=SR&extid=1&exst=OL&ist=&ast=OL&vt=w&slr=true&cs=1_3d84d57c&cb=1560900595661&jobListingId=3091372794"
"RF Engineer","","CA","Los Angeles","","Los Angeles, CA","https://www.glassdoor.com/partner/jobListing.htm?pos=113&ao=352789&s=58&guid=0000016b6ceced2485e722402b7c3e79&src=GD_JOB_AD&t=SR&extid=1&exst=OL&ist=&ast=OL&vt=w&slr=true&cs=1_b8415e18&cb=1560900595662&jobListingId=3249673494"
"Hardware Engineer Apple/Beats","","CA","Culver City","","Culver City, CA","https://www.glassdoor.com/partner/jobListing.htm?pos=114&ao=135079&s=58&guid=0000016b6ceced2485e722402b7c3e79&src=GD_JOB_AD&t=SR&extid=1&exst=OL&ist=&ast=OL&vt=w&slr=true&cs=1_67717836&cb=1560900595669&jobListingId=3249340074"
"RF Antenna Engineer","","CA","Torrance","","Torrance, CA","https://www.glassdoor.com/partner/jobListing.htm?pos=115&ao=588939&s=58&guid=0000016b6ceced2485e722402b7c3e79&src=GD_JOB_AD&t=SR&extid=1&exst=OL&ist=&ast=OL&vt=w&slr=true&cs=1_4eb20045&cb=1560900595670&jobListingId=3150651476"
"Electronic Ground Support Equipment Engineer - Hardware/Software","","CA","Pasadena","","Pasadena, CA","https://www.glassdoor.com/partner/jobListing.htm?pos=116&ao=80592&s=58&guid=0000016b6ceced2485e722402b7c3e79&src=GD_JOB_AD&t=SR&extid=1&exst=OL&ist=&ast=OL&vt=w&slr=true&cs=1_126da40f&cb=1560900595671&jobListingId=3254563065"
"Application Engineer","","CA","Los Angeles","","Los Angeles, CA","https://www.glassdoor.com/partner/jobListing.htm?pos=117&ao=213307&s=58&guid=0000016b6ceced2485e722402b7c3e79&src=GD_JOB_AD&t=SR&extid=1&exst=OL&ist=&ast=OL&vt=w&slr=true&cs=1_918f9a4c&cb=1560900595672&jobListingId=3208579394"
"RF Manufacturing &Test Engineer","","CA","Carson","","Carson, CA","https://www.glassdoor.com/partner/jobListing.htm?pos=118&ao=206161&s=58&guid=0000016b6ceced2485e722402b7c3e79&src=GD_JOB_AD&t=SR&extid=1&exst=OL&ist=&ast=OL&vt=w&slr=true&cs=1_cc4cce34&cb=1560900595673&jobListingId=3238785299"
"RF Engineer","","CA","Culver City","","Culver City, CA","https://www.glassdoor.com/partner/jobListing.htm?pos=119&ao=148364&s=58&guid=0000016b6ceced2485e722402b7c3e79&src=GD_JOB_AD&t=SR&extid=1&exst=OL&ist=&ast=OL&vt=w&slr=true&cs=1_1d575504&cb=1560900595673&jobListingId=3221220032"
"Sr. RF/Microwave Engineer","","CA","Hawthorne","","Hawthorne, CA","https://www.glassdoor.com/partner/jobListing.htm?pos=120&ao=160631&s=58&guid=0000016b6ceced2485e722402b7c3e79&src=GD_JOB_AD&t=SR&extid=1&exst=OL&ist=&ast=OL&vt=w&slr=true&cs=1_070fce97&cb=1560900595674&jobListingId=3162330135"
"Space Systems - Junior Level Systems Engineer","","CA","El Segundo","","El Segundo, CA","https://www.glassdoor.com/partner/jobListing.htm?pos=121&ao=118621&s=58&guid=0000016b6ceced2485e722402b7c3e79&src=GD_JOB_AD&t=SR&extid=1&exst=OL&ist=&ast=OL&vt=w&slr=true&cs=1_7cc9334d&cb=1560900595675&jobListingId=3214737812"
"Test Engineer","","CA","Los Angeles","","Los Angeles, CA","https://www.glassdoor.com/partner/jobListing.htm?pos=122&ao=245440&s=58&guid=0000016b6ceced2485e722402b7c3e79&src=GD_JOB_AD&t=SR&extid=1&exst=OL&ist=&ast=OL&vt=w&slr=true&cs=1_d84b7fcd&cb=1560900595676&jobListingId=3149041283"
"Applications Engineer","","CA","Walnut","","Walnut, CA","https://www.glassdoor.com/partner/jobListing.htm?pos=123&ao=389273&s=58&guid=0000016b6ceced2485e722402b7c3e79&src=GD_JOB_AD&t=SR&extid=1&exst=OL&ist=&ast=OL&vt=w&slr=true&ea=1&cs=1_0c09d280&cb=1560900595677&jobListingId=3247982829"
"Application Engineer-Entry-Level","","CA","Anaheim","","Anaheim, CA","https://www.glassdoor.com/partner/jobListing.htm?pos=124&ao=454823&s=58&guid=0000016b6ceced2485e722402b7c3e79&src=GD_JOB_AD&t=SR&extid=1&exst=OL&ist=&ast=OL&vt=w&slr=true&cs=1_7937c133&cb=1560900595678&jobListingId=3258951583"
"Test Systems Engineer","","CA","El Segundo","","El Segundo, CA","https://www.glassdoor.com/partner/jobListing.htm?pos=125&ao=118621&s=58&guid=0000016b6ceced2485e722402b7c3e79&src=GD_JOB_AD&t=SR&extid=1&exst=OL&ist=&ast=OL&vt=w&slr=true&cs=1_eff35e18&cb=1560900595679&jobListingId=3158195985"
"DSP Engineer","","CA","Los Angeles","","Los Angeles, CA","https://www.glassdoor.com/partner/jobListing.htm?pos=126&ao=702168&s=58&guid=0000016b6ceced2485e722402b7c3e79&src=GD_JOB_AD&t=SR&extid=1&exst=OL&ist=&ast=OL&vt=w&slr=true&cs=1_6ca9aee2&cb=1560900595680&jobListingId=3238848564"
"RF Design Engineer","","CA","El Segundo","","El Segundo, CA","https://www.glassdoor.com/partner/jobListing.htm?pos=127&ao=133207&s=58&guid=0000016b6ceced2485e722402b7c3e79&src=GD_JOB_AD&t=SR&extid=1&exst=OL&ist=&ast=OL&vt=w&slr=true&cs=1_3e40296d&cb=1560900595681&jobListingId=3263097739"
"Senior Principal RF Circuit Design Engineer","","CA","Manhattan Beach","","Manhattan Beach, CA","https://www.glassdoor.com/partner/jobListing.htm?pos=128&ao=459821&s=58&guid=0000016b6ceced2485e722402b7c3e79&src=GD_JOB_AD&t=SR&extid=1&exst=OL&ist=&ast=OL&vt=w&slr=true&cs=1_fb1ea59a&cb=1560900595682&jobListingId=3227731170"
