"Name","Company","State","City","Salary","Location","Url"
"RF Switch Design Engineer","","CA","Irvine","","Irvine, CA","https://www.glassdoor.com/partner/jobListing.htm?pos=101&ao=621961&s=149&guid=0000016b6ced152f9f86aed574084f65&src=GD_JOB_AD&t=SRFJ&extid=4&exst=OL&ist=&ast=OL&vt=w&slr=true&cs=1_3f98e2fa&cb=1560900605745&jobListingId=3250315806"
"RF Network Engineer","","CA","Irvine","","Irvine, CA","https://www.glassdoor.com/partner/jobListing.htm?pos=102&ao=179752&s=149&guid=0000016b6ced152f9f86aed574084f65&src=GD_JOB_AD&t=SRFJ&extid=4&exst=OL&ist=&ast=OL&vt=w&slr=true&cs=1_32af299e&cb=1560900605747&jobListingId=3258989718"
"Staff Mm-Wave/RF PLL IC Engineer","","CA","Irvine","","Irvine, CA","https://www.glassdoor.com/partner/jobListing.htm?pos=101&ao=692330&s=58&guid=0000016b6ced152f873dbb987ba5abc9&src=GD_JOB_AD&t=SR&extid=1&exst=OL&ist=&ast=OL&vt=w&slr=true&ea=1&cs=1_55c79735&cb=1560900605748&jobListingId=3243865211"
"Applications Engineer - Verification","","CA","Irvine","","Irvine, CA","https://www.glassdoor.com/partner/jobListing.htm?pos=102&ao=182503&s=58&guid=0000016b6ced152f873dbb987ba5abc9&src=GD_JOB_AD&t=SR&extid=1&exst=OL&ist=&ast=OL&vt=w&slr=true&cs=1_aa89c2e5&cb=1560900605749&jobListingId=3194745639"
"RF OPTIMIZATION","","CA","Irvine","","Irvine, CA","https://www.glassdoor.com/partner/jobListing.htm?pos=103&ao=4011&s=58&guid=0000016b6ced152f873dbb987ba5abc9&src=GD_JOB_AD&t=SR&extid=1&exst=OL&ist=&ast=OL&vt=w&slr=true&cs=1_0bb5da4b&cb=1560900605751&jobListingId=3267158806"
"Staff Mm-Wave IC Engineer - Transmitter","","CA","Irvine","","Irvine, CA","https://www.glassdoor.com/partner/jobListing.htm?pos=104&ao=692330&s=58&guid=0000016b6ced152f873dbb987ba5abc9&src=GD_JOB_AD&t=SR&extid=1&exst=OL&ist=&ast=OL&vt=w&slr=true&ea=1&cs=1_a86577d2&cb=1560900605752&jobListingId=3243848255"
"Application Engineer I (Electrical Automotive Powertrain) (Long Beach, CA)","","CA","Long Beach","","Long Beach, CA","https://www.glassdoor.com/partner/jobListing.htm?pos=105&ao=370670&s=58&guid=0000016b6ced152f873dbb987ba5abc9&src=GD_JOB_AD&t=SR&extid=1&exst=OL&ist=&ast=OL&vt=w&slr=true&cs=1_e0e1975a&cb=1560900605753&jobListingId=3147239277"
"RF Engineer","","CA","Irvine","","Irvine, CA","https://www.glassdoor.com/partner/jobListing.htm?pos=106&ao=85058&s=58&guid=0000016b6ced152f873dbb987ba5abc9&src=GD_JOB_AD&t=SR&extid=1&exst=OL&ist=&ast=OL&vt=w&slr=true&cs=1_32ec7df8&cb=1560900605755&jobListingId=3253252785"
"RF Engineer","","CA","Irvine","","Irvine, CA","https://www.glassdoor.com/partner/jobListing.htm?pos=107&ao=4321&s=58&guid=0000016b6ced152f873dbb987ba5abc9&src=GD_JOB_AD&t=SR&extid=1&exst=OL&ist=&ast=OL&vt=w&slr=true&ea=1&cs=1_7db82f50&cb=1560900605756&jobListingId=3196284835"
"RF Engineer","","CA","Irvine","","Irvine, CA","https://www.glassdoor.com/partner/jobListing.htm?pos=108&ao=245046&s=58&guid=0000016b6ced152f873dbb987ba5abc9&src=GD_JOB_AD&t=SR&extid=1&exst=OL&ist=&ast=OL&vt=w&slr=true&cs=1_0eb2f4e0&cb=1560900605757&jobListingId=3099176218"
"RF Engineer","","CA","Irvine","","Irvine, CA","https://www.glassdoor.com/partner/jobListing.htm?pos=109&ao=85058&s=58&guid=0000016b6ced152f873dbb987ba5abc9&src=GD_JOB_AD&t=SR&extid=1&exst=OL&ist=&ast=OL&vt=w&slr=true&cs=1_2eea88fb&cb=1560900605758&jobListingId=3259630241"
"Principal IC Product Engineer","","CA","Irvine","","Irvine, CA","https://www.glassdoor.com/partner/jobListing.htm?pos=110&ao=692331&s=58&guid=0000016b6ced152f873dbb987ba5abc9&src=GD_JOB_AD&t=SR&extid=1&exst=OL&ist=&ast=OL&vt=w&slr=true&ea=1&cs=1_964c2a10&cb=1560900605760&jobListingId=3243873060"
"RF Engineer","","CA","Irvine","","Irvine, CA","https://www.glassdoor.com/partner/jobListing.htm?pos=111&ao=278067&s=58&guid=0000016b6ced152f873dbb987ba5abc9&src=GD_JOB_AD&t=SR&extid=1&exst=OL&ist=&ast=OL&vt=w&slr=true&cs=1_a28aaf4c&cb=1560900605761&jobListingId=3266691963"
"Senior Staff Systems Engineer","","CA","Irvine","","Irvine, CA","https://www.glassdoor.com/partner/jobListing.htm?pos=112&ao=650969&s=58&guid=0000016b6ced152f873dbb987ba5abc9&src=GD_JOB_AD&t=SR&extid=1&exst=OL&ist=&ast=OL&vt=w&slr=true&cs=1_f80144a7&cb=1560900605762&jobListingId=3243506359"
"Staff Mm-Wave IC Engineer - Receiver","","CA","Irvine","","Irvine, CA","https://www.glassdoor.com/partner/jobListing.htm?pos=113&ao=692330&s=58&guid=0000016b6ced152f873dbb987ba5abc9&src=GD_JOB_AD&t=SR&extid=1&exst=OL&ist=&ast=OL&vt=w&slr=true&ea=1&cs=1_7ca5353f&cb=1560900605764&jobListingId=3243857901"
"Field Application Engineer- High Level Synthesis","","CA","Irvine","","Irvine, CA","https://www.glassdoor.com/partner/jobListing.htm?pos=114&ao=201331&s=58&guid=0000016b6ced152f873dbb987ba5abc9&src=GD_JOB_AD&t=SR&extid=1&exst=OL&ist=&ast=OL&vt=w&slr=true&cs=1_d8971eec&cb=1560900605765&jobListingId=3239708608"
"RF Engineer III","","CA","Irvine","","Irvine, CA","https://www.glassdoor.com/partner/jobListing.htm?pos=115&ao=83255&s=58&guid=0000016b6ced152f873dbb987ba5abc9&src=GD_JOB_AD&t=SR&extid=1&exst=OL&ist=&ast=OL&vt=w&slr=true&cs=1_36614186&cb=1560900605766&jobListingId=3262887382"
"RF/Microwave Communications Subsystem Engineer","","CA","Mission Viejo","","Mission Viejo, CA","https://www.glassdoor.com/partner/jobListing.htm?pos=116&ao=85059&s=58&guid=0000016b6ced152f873dbb987ba5abc9&src=GD_JOB_AD&t=SR&extid=1&exst=OL&ist=&ast=OL&vt=w&slr=true&cs=1_ec88f45b&cb=1560900605767&jobListingId=3252522206"
"ATE Engineer Wireless Group","","CA","Irvine","","Irvine, CA","https://www.glassdoor.com/partner/jobListing.htm?pos=117&ao=389273&s=58&guid=0000016b6ced152f873dbb987ba5abc9&src=GD_JOB_AD&t=SR&extid=1&exst=OL&ist=&ast=OL&vt=w&slr=true&ea=1&cs=1_fdc13d70&cb=1560900605768&jobListingId=3256782946"
"RF/Analog Design Engineer","","CA","Irvine","","Irvine, CA","https://www.glassdoor.com/partner/jobListing.htm?pos=118&ao=4120&s=58&guid=0000016b6ced152f873dbb987ba5abc9&src=GD_JOB_AD&t=SR&extid=1&exst=OL&ist=&ast=OL&vt=w&slr=true&ea=1&cs=1_d607f365&cb=1560900605769&jobListingId=3061590032"
"Application Engineer-Entry-Level","","CA","Anaheim","","Anaheim, CA","https://www.glassdoor.com/partner/jobListing.htm?pos=119&ao=454823&s=58&guid=0000016b6ced152f873dbb987ba5abc9&src=GD_JOB_AD&t=SR&extid=1&exst=OL&ist=&ast=OL&vt=w&slr=true&cs=1_d1174fa3&cb=1560900605771&jobListingId=3258951583"
"RF Engineer II","","CA","Irvine","","Irvine, CA","https://www.glassdoor.com/partner/jobListing.htm?pos=120&ao=4341&s=58&guid=0000016b6ced152f873dbb987ba5abc9&src=GD_JOB_AD&t=SR&extid=1&exst=OL&ist=&ast=OL&vt=w&slr=true&ea=1&cs=1_84e4623c&cb=1560900605772&jobListingId=2453501700"
"RFIC Senior Design Engineer","","CA","Irvine","","Irvine, CA","https://www.glassdoor.com/partner/jobListing.htm?pos=121&ao=621961&s=58&guid=0000016b6ced152f873dbb987ba5abc9&src=GD_JOB_AD&t=SR&extid=1&exst=OL&ist=&ast=OL&vt=w&slr=true&cs=1_e69c283b&cb=1560900605773&jobListingId=3250061494"
"RF IC Validation Engineer - Lake Forest, CA","","CA","Lake Forest","","Lake Forest, CA","https://www.glassdoor.com/partner/jobListing.htm?pos=122&ao=133076&s=58&guid=0000016b6ced152f873dbb987ba5abc9&src=GD_JOB_AD&t=SR&extid=1&exst=OL&ist=&ast=OL&vt=w&slr=true&cs=1_5e0f60f8&cb=1560900605775&jobListingId=3189581931"
"Manager, Electrical Engineering","","CA","Irvine","","Irvine, CA","https://www.glassdoor.com/partner/jobListing.htm?pos=123&ao=600947&s=58&guid=0000016b6ced152f873dbb987ba5abc9&src=GD_JOB_AD&t=SR&extid=1&exst=OL&ist=&ast=OL&vt=w&slr=true&cs=1_0f59fd2d&cb=1560900605776&jobListingId=3263746139"
"RF Engineer","","CA","Santa Ana","","Santa Ana, CA","https://www.glassdoor.com/partner/jobListing.htm?pos=124&ao=408471&s=58&guid=0000016b6ced152f873dbb987ba5abc9&src=GD_JOB_AD&t=SR&extid=1&exst=OL&ist=&ast=OL&vt=w&slr=true&cs=1_68466ea0&cb=1560900605778&jobListingId=3267364138"
"RF Design Engineer","","CA","Irvine","","Irvine, CA","https://www.glassdoor.com/partner/jobListing.htm?pos=125&ao=4011&s=58&guid=0000016b6ced152f873dbb987ba5abc9&src=GD_JOB_AD&t=SR&extid=1&exst=OL&ist=&ast=OL&vt=w&slr=true&cs=1_c3171292&cb=1560900605779&jobListingId=2784268003"
"Engineer IV - Svcs RF","","CA","Irvine","","Irvine, CA","https://www.glassdoor.com/partner/jobListing.htm?pos=126&ao=83255&s=58&guid=0000016b6ced152f873dbb987ba5abc9&src=GD_JOB_AD&t=SR&extid=1&exst=OL&ist=&ast=OL&vt=w&slr=true&cs=1_d86f3227&cb=1560900605780&jobListingId=3262881079"
"RF Engineer II","","CA","Irvine","","Irvine, CA","https://www.glassdoor.com/partner/jobListing.htm?pos=127&ao=4011&s=58&guid=0000016b6ced152f873dbb987ba5abc9&src=GD_JOB_AD&t=SR&extid=1&exst=OL&ist=&ast=OL&vt=w&slr=true&cs=1_675f63c0&cb=1560900605781&jobListingId=2670264420"
"Validation Engineer Co-Op","","CA","Irvine","","Irvine, CA","https://www.glassdoor.com/partner/jobListing.htm?pos=128&ao=621961&s=58&guid=0000016b6ced152f873dbb987ba5abc9&src=GD_JOB_AD&t=SR&extid=1&exst=OL&ist=&ast=OL&vt=w&slr=true&cs=1_edc26418&cb=1560900605782&jobListingId=3266304294"
