"Name","Company","State","City","Salary","Location","Url"
"5G mmWave RF Field Application Engineer","","CA","San Jose","","San Jose, CA","https://www.glassdoor.com/partner/jobListing.htm?pos=101&ao=371195&s=149&guid=0000016b6cec70f29ca360dd511ca857&src=GD_JOB_AD&t=SRFJ&extid=4&exst=OL&ist=&ast=OL&vt=w&slr=true&cs=1_9f716ad5&cb=1560900564064&jobListingId=3063149176"
"RF Test Engineering Technician (2nd Shift , 4PM to 12:30AM)","","CA","San Jose","","San Jose, CA","https://www.glassdoor.com/partner/jobListing.htm?pos=102&ao=621961&s=149&guid=0000016b6cec70f29ca360dd511ca857&src=GD_JOB_AD&t=SRFJ&extid=4&exst=OL&ist=&ast=OL&vt=w&slr=true&cs=1_914290e6&cb=1560900564066&jobListingId=3267420128"
"Senior RF Engineer","","CA","Cupertino","","Cupertino, CA","https://www.glassdoor.com/partner/jobListing.htm?pos=101&ao=692330&s=58&guid=0000016b6cec70f2a0f5aa0dd6203f38&src=GD_JOB_AD&t=SR&extid=1&exst=OL&ist=&ast=OL&vt=w&slr=true&ea=1&cs=1_4357a11e&cb=1560900564067&jobListingId=3243814502"
"RF Test Engineer","","CA","Santa Clara","","Santa Clara, CA","https://www.glassdoor.com/partner/jobListing.htm?pos=102&ao=676175&s=58&guid=0000016b6cec70f2a0f5aa0dd6203f38&src=GD_JOB_AD&t=SR&extid=1&exst=OL&ist=&ast=OL&vt=w&slr=true&ea=1&cs=1_3a23b4a5&cb=1560900564069&jobListingId=3238967466"
"Sr Staff Applications Engineer","","CA","Mountain View","","Mountain View, CA","https://www.glassdoor.com/partner/jobListing.htm?pos=103&ao=182503&s=58&guid=0000016b6cec70f2a0f5aa0dd6203f38&src=GD_JOB_AD&t=SR&extid=1&exst=OL&ist=&ast=OL&vt=w&slr=true&cs=1_f5ffb6fb&cb=1560900564070&jobListingId=3144215965"
"Applications Engineer","","CA","Mountain View","","Mountain View, CA","https://www.glassdoor.com/partner/jobListing.htm?pos=104&ao=182503&s=58&guid=0000016b6cec70f2a0f5aa0dd6203f38&src=GD_JOB_AD&t=SR&extid=1&exst=OL&ist=&ast=OL&vt=w&slr=true&cs=1_ed978116&cb=1560900564072&jobListingId=3262091125"
"Field Application Engineer","","CA","San Jose","","San Jose, CA","https://www.glassdoor.com/partner/jobListing.htm?pos=105&ao=664145&s=58&guid=0000016b6cec70f2a0f5aa0dd6203f38&src=GD_JOB_AD&t=SR&extid=1&exst=OL&ist=&ast=OL&vt=w&slr=true&cs=1_9087c197&cb=1560900564073&jobListingId=3243236710"
"Staff Mm-Wave/RF PLL IC Engineer","","CA","Cupertino","","Cupertino, CA","https://www.glassdoor.com/partner/jobListing.htm?pos=106&ao=692330&s=58&guid=0000016b6cec70f2a0f5aa0dd6203f38&src=GD_JOB_AD&t=SR&extid=1&exst=OL&ist=&ast=OL&vt=w&slr=true&ea=1&cs=1_2b9d20be&cb=1560900564075&jobListingId=3243863286"
"Applications Engineer","","CA","Morgan Hill","","Morgan Hill, CA","https://www.glassdoor.com/partner/jobListing.htm?pos=107&ao=676622&s=58&guid=0000016b6cec70f2a0f5aa0dd6203f38&src=GD_JOB_AD&t=SR&extid=1&exst=OL&ist=&ast=OL&vt=w&slr=true&cs=1_7424adee&cb=1560900564076&jobListingId=3239418957"
"Applications Engineer - Formality","","CA","Mountain View","","Mountain View, CA","https://www.glassdoor.com/partner/jobListing.htm?pos=108&ao=182503&s=58&guid=0000016b6cec70f2a0f5aa0dd6203f38&src=GD_JOB_AD&t=SR&extid=1&exst=OL&ist=&ast=OL&vt=w&slr=true&cs=1_fde19ed1&cb=1560900564077&jobListingId=3185825277"
"Field Applications Engineer","","CA","Livermore","","Livermore, CA","https://www.glassdoor.com/partner/jobListing.htm?pos=109&ao=661261&s=58&guid=0000016b6cec70f2a0f5aa0dd6203f38&src=GD_JOB_AD&t=SR&extid=1&exst=OL&ist=&ast=OL&vt=w&slr=true&cs=1_e218cf5c&cb=1560900564078&jobListingId=2695579083"
"Field Application Engineer","","CA","San Jose","","San Jose, CA","https://www.glassdoor.com/partner/jobListing.htm?pos=110&ao=662387&s=58&guid=0000016b6cec70f2a0f5aa0dd6203f38&src=GD_JOB_AD&t=SR&extid=1&exst=OL&ist=&ast=OL&vt=w&slr=true&ea=1&cs=1_5f06db64&cb=1560900564079&jobListingId=3052149323"
"DRAM Field Application Engineer","","CA","San Jose","","San Jose, CA","https://www.glassdoor.com/partner/jobListing.htm?pos=111&ao=667444&s=58&guid=0000016b6cec70f2a0f5aa0dd6203f38&src=GD_JOB_AD&t=SR&extid=1&exst=OL&ist=&ast=OL&vt=w&slr=true&cs=1_720cfec8&cb=1560900564081&jobListingId=3248205260"
"RF Systems Hardware Engineer","","CA","Cupertino","","Cupertino, CA","https://www.glassdoor.com/partner/jobListing.htm?pos=112&ao=602504&s=58&guid=0000016b6cec70f2a0f5aa0dd6203f38&src=GD_JOB_AD&t=SR&extid=1&exst=OL&ist=&ast=OL&vt=w&slr=true&cs=1_27a03be0&cb=1560900564082&jobListingId=3261787240"
"Sr. RF Design Engineer","","CA","Santa Clara","","Santa Clara, CA","https://www.glassdoor.com/partner/jobListing.htm?pos=113&ao=676173&s=58&guid=0000016b6cec70f2a0f5aa0dd6203f38&src=GD_JOB_AD&t=SR&extid=1&exst=OL&ist=&ast=OL&vt=w&slr=true&ea=1&cs=1_cf5bfea7&cb=1560900564084&jobListingId=2972356799"
"Principal Application Engineer","","CA","Santa Clara","","Santa Clara, CA","https://www.glassdoor.com/partner/jobListing.htm?pos=114&ao=483515&s=58&guid=0000016b6cec70f2a0f5aa0dd6203f38&src=GD_JOB_AD&t=SR&extid=1&exst=OL&ist=&ast=OL&vt=w&slr=true&cs=1_9c42e018&cb=1560900564085&jobListingId=3223987545"
"RF Design Engineer - PA, Front End Module and RF Switches","","CA","San Jose","","San Jose, CA","https://www.glassdoor.com/partner/jobListing.htm?pos=115&ao=621961&s=58&guid=0000016b6cec70f2a0f5aa0dd6203f38&src=GD_JOB_AD&t=SR&extid=1&exst=OL&ist=&ast=OL&vt=w&slr=true&cs=1_ae7f0018&cb=1560900564087&jobListingId=3266304296"
"RF Integrity Engineer","","CA","Cupertino","","Cupertino, CA","https://www.glassdoor.com/partner/jobListing.htm?pos=116&ao=602504&s=58&guid=0000016b6cec70f2a0f5aa0dd6203f38&src=GD_JOB_AD&t=SR&extid=1&exst=OL&ist=&ast=OL&vt=w&slr=true&cs=1_91601f03&cb=1560900564088&jobListingId=3194360599"
"Senior Application Engineering Consultant","","CA","Fremont","","Fremont, CA","https://www.glassdoor.com/partner/jobListing.htm?pos=117&ao=201331&s=58&guid=0000016b6cec70f2a0f5aa0dd6203f38&src=GD_JOB_AD&t=SR&extid=1&exst=OL&ist=&ast=OL&vt=w&slr=true&cs=1_344c9047&cb=1560900564090&jobListingId=3202120313"
"Formality Product Applications Engineer","","CA","Mountain View","","Mountain View, CA","https://www.glassdoor.com/partner/jobListing.htm?pos=118&ao=182503&s=58&guid=0000016b6cec70f2a0f5aa0dd6203f38&src=GD_JOB_AD&t=SR&extid=1&exst=OL&ist=&ast=OL&vt=w&slr=true&cs=1_339a9a95&cb=1560900564092&jobListingId=3063808855"
"Laser Applications Engineer","","CA","Santa Clara","","Santa Clara, CA","https://www.glassdoor.com/partner/jobListing.htm?pos=119&ao=277942&s=58&guid=0000016b6cec70f2a0f5aa0dd6203f38&src=GD_JOB_AD&t=SR&extid=1&exst=OL&ist=&ast=OL&vt=w&slr=true&cs=1_dfdbb982&cb=1560900564093&jobListingId=3181651086"
"Applications Engineer, Principal","","CA","Santa Clara","","Santa Clara, CA","https://www.glassdoor.com/partner/jobListing.htm?pos=120&ao=652361&s=58&guid=0000016b6cec70f2a0f5aa0dd6203f38&src=GD_JOB_AD&t=SR&extid=1&exst=OL&ist=&ast=OL&vt=w&slr=true&cs=1_e31e9310&cb=1560900564095&jobListingId=3217306085"
"Staff Applications Engineer","","CA","Mountain View","","Mountain View, CA","https://www.glassdoor.com/partner/jobListing.htm?pos=121&ao=182503&s=58&guid=0000016b6cec70f2a0f5aa0dd6203f38&src=GD_JOB_AD&t=SR&extid=1&exst=OL&ist=&ast=OL&vt=w&slr=true&cs=1_bb53af7b&cb=1560900564096&jobListingId=3144215967"
"Electrical or Systems Engineer (Early/Mid-Career)","","CA","Livermore","","Livermore, CA","https://www.glassdoor.com/partner/jobListing.htm?pos=122&ao=561868&s=58&guid=0000016b6cec70f2a0f5aa0dd6203f38&src=GD_JOB_AD&t=SR&extid=1&exst=OL&ist=&ast=OL&vt=w&slr=true&cs=1_2d3a15b0&cb=1560900564098&jobListingId=3198557116"
"Field Application Engineer","","CA","Cupertino","","Cupertino, CA","https://www.glassdoor.com/partner/jobListing.htm?pos=123&ao=602504&s=58&guid=0000016b6cec70f2a0f5aa0dd6203f38&src=GD_JOB_AD&t=SR&extid=1&exst=OL&ist=&ast=OL&vt=w&slr=true&cs=1_3bebfd8a&cb=1560900564099&jobListingId=3244262887"
"Compliance Safety Engineer","","CA","Newark","","Newark, CA","https://www.glassdoor.com/partner/jobListing.htm?pos=124&ao=677422&s=58&guid=0000016b6cec70f2a0f5aa0dd6203f38&src=GD_JOB_AD&t=SR&extid=1&exst=OL&ist=&ast=OL&vt=w&slr=true&ea=1&cs=1_f2dbb769&cb=1560900564101&jobListingId=2980788932"
"Senior Applications Engineer - PCIe","","CA","Mountain View","","Mountain View, CA","https://www.glassdoor.com/partner/jobListing.htm?pos=125&ao=182503&s=58&guid=0000016b6cec70f2a0f5aa0dd6203f38&src=GD_JOB_AD&t=SR&extid=1&exst=OL&ist=&ast=OL&vt=w&slr=true&cs=1_cd96b98f&cb=1560900564102&jobListingId=3257831619"
"Field Applications Engineer","","CA","San Jose","","San Jose, CA","https://www.glassdoor.com/partner/jobListing.htm?pos=126&ao=357007&s=58&guid=0000016b6cec70f2a0f5aa0dd6203f38&src=GD_JOB_AD&t=SR&extid=1&exst=OL&ist=&ast=OL&vt=w&slr=true&cs=1_7fff3434&cb=1560900564105&jobListingId=3196965008"
"Software Application Engineer III","","CA","Pleasanton","","Pleasanton, CA","https://www.glassdoor.com/partner/jobListing.htm?pos=127&ao=615587&s=58&guid=0000016b6cec70f2a0f5aa0dd6203f38&src=GD_JOB_AD&t=SR&extid=1&exst=OL&ist=&ast=OL&vt=w&slr=true&cs=1_11377f99&cb=1560900564106&jobListingId=3268955248"
"RF Systems Hardware Engineer - Multi-radio Coexistence","","CA","Cupertino","","Cupertino, CA","https://www.glassdoor.com/partner/jobListing.htm?pos=128&ao=602504&s=58&guid=0000016b6cec70f2a0f5aa0dd6203f38&src=GD_JOB_AD&t=SR&extid=1&exst=OL&ist=&ast=OL&vt=w&slr=true&cs=1_d6d1d192&cb=1560900564107&jobListingId=3243023761"
