"Name","Company","State","City","Salary","Location","Url"
"RF Engineer","","CA","San Francisco","","San Francisco, CA","https://www.glassdoor.com/partner/jobListing.htm?pos=101&ao=681083&s=149&guid=0000016b6cec16fcb3cb17251e5fc164&src=GD_JOB_AD&t=SRFJ&extid=4&exst=OL&ist=&ast=OL&vt=w&slr=true&cs=1_4a83505f&cb=1560900540830&jobListingId=2559337999"
"RF Systems Engineer","","CA","San Francisco","","San Francisco, CA","https://www.glassdoor.com/partner/jobListing.htm?pos=102&ao=651505&s=149&guid=0000016b6cec16fcb3cb17251e5fc164&src=GD_JOB_AD&t=SRFJ&extid=4&exst=OL&ist=&ast=OL&vt=w&slr=true&ea=1&cs=1_412b196a&cb=1560900540831&jobListingId=3163158163"
"WiFi Performance Test Engineer","","CA","San Francisco","","San Francisco, CA","https://www.glassdoor.com/partner/jobListing.htm?pos=101&ao=484412&s=58&guid=0000016b6cec16fc991e1a599f54a02c&src=GD_JOB_AD&t=SR&extid=1&exst=OL&ist=&ast=OL&vt=w&slr=true&ea=1&cs=1_ec4077c3&cb=1560900540832&jobListingId=3196362860"
"Senior Electrical Engineer","","CA","San Francisco","","San Francisco, CA","https://www.glassdoor.com/partner/jobListing.htm?pos=102&ao=446740&s=58&guid=0000016b6cec16fc991e1a599f54a02c&src=GD_JOB_AD&t=SR&extid=1&exst=OL&ist=&ast=OL&vt=w&slr=true&cs=1_9c7d3084&cb=1560900540833&jobListingId=3163574594"
"Junior Application Engineer","","CA","Redwood City","","Redwood City, CA","https://www.glassdoor.com/partner/jobListing.htm?pos=103&ao=652266&s=58&guid=0000016b6cec16fc991e1a599f54a02c&src=GD_JOB_AD&t=SR&extid=1&exst=OL&ist=&ast=OL&vt=w&slr=true&cs=1_59ed2122&cb=1560900540834&jobListingId=3242947996"
"DAS Small Cell RF Engineer III - San Francisco Bay","","CA","San Francisco","","San Francisco, CA","https://www.glassdoor.com/partner/jobListing.htm?pos=104&ao=393009&s=58&guid=0000016b6cec16fc991e1a599f54a02c&src=GD_JOB_AD&t=SR&extid=1&exst=OL&ist=&ast=OL&vt=w&slr=true&ea=1&cs=1_51805014&cb=1560900540835&jobListingId=3152969062"
"Senior Applications Engineer","","CA","Foster City","","Foster City, CA","https://www.glassdoor.com/partner/jobListing.htm?pos=105&ao=681603&s=58&guid=0000016b6cec16fc991e1a599f54a02c&src=GD_JOB_AD&t=SR&extid=1&exst=OL&ist=&ast=OL&vt=w&slr=true&cs=1_0fd6df99&cb=1560900540836&jobListingId=3063146690"
"RF Engineer","","CA","Oakland","","Oakland, CA","https://www.glassdoor.com/partner/jobListing.htm?pos=106&ao=148364&s=58&guid=0000016b6cec16fc991e1a599f54a02c&src=GD_JOB_AD&t=SR&extid=1&exst=OL&ist=&ast=OL&vt=w&slr=true&cs=1_f682d0d1&cb=1560900540837&jobListingId=3259245897"
"Senior Front End Application Engineer (React)","","CA","San Francisco","","San Francisco, CA","https://www.glassdoor.com/partner/jobListing.htm?pos=107&ao=120626&s=58&guid=0000016b6cec16fc991e1a599f54a02c&src=GD_JOB_AD&t=SR&extid=1&exst=OL&ist=&ast=OL&vt=w&slr=true&cs=1_783eeba8&cb=1560900540838&jobListingId=3255528767"
"Applications Engineer","","CA","San Francisco","","San Francisco, CA","https://www.glassdoor.com/partner/jobListing.htm?pos=108&ao=352789&s=58&guid=0000016b6cec16fc991e1a599f54a02c&src=GD_JOB_AD&t=SR&extid=1&exst=OL&ist=&ast=OL&vt=w&slr=true&cs=1_d5403fc9&cb=1560900540839&jobListingId=3264732451"
"Electrical Engineer - Radio Hardware","","CA","San Francisco","","San Francisco, CA","https://www.glassdoor.com/partner/jobListing.htm?pos=109&ao=681083&s=58&guid=0000016b6cec16fc991e1a599f54a02c&src=GD_JOB_AD&t=SR&extid=1&exst=OL&ist=&ast=OL&vt=w&slr=true&cs=1_82f5cca4&cb=1560900540840&jobListingId=2786919814"
"Telecom Engineer - Structured Cabling Systems","","CA","Oakland","","Oakland, CA","https://www.glassdoor.com/partner/jobListing.htm?pos=110&ao=661187&s=58&guid=0000016b6cec16fc991e1a599f54a02c&src=GD_JOB_AD&t=SR&extid=1&exst=OL&ist=&ast=OL&vt=w&slr=true&cs=1_ec3ccc6d&cb=1560900540841&jobListingId=2729552126"
"IT Application Engineer","","CA","Emeryville","","Emeryville, CA","https://www.glassdoor.com/partner/jobListing.htm?pos=111&ao=8095&s=58&guid=0000016b6cec16fc991e1a599f54a02c&src=GD_JOB_AD&t=SR&extid=1&exst=OL&ist=&ast=OL&vt=w&slr=true&cs=1_110f674a&cb=1560900540842&jobListingId=3268974535"
"FPGA Engineer","","CA","San Francisco","","San Francisco, CA","https://www.glassdoor.com/partner/jobListing.htm?pos=112&ao=681083&s=58&guid=0000016b6cec16fc991e1a599f54a02c&src=GD_JOB_AD&t=SR&extid=1&exst=OL&ist=&ast=OL&vt=w&slr=true&cs=1_c7b231f3&cb=1560900540843&jobListingId=2559337997"
"RF Field Engineer","","CA","Berkeley","","Berkeley, CA","https://www.glassdoor.com/partner/jobListing.htm?pos=113&ao=283198&s=58&guid=0000016b6cec16fc991e1a599f54a02c&src=GD_JOB_AD&t=SR&extid=1&exst=OL&ist=&ast=OL&vt=w&slr=true&cs=1_75dde5b3&cb=1560900540844&jobListingId=3256933909"
"Intern - RF Engineering","","CA","San Francisco","","San Francisco, CA","https://www.glassdoor.com/partner/jobListing.htm?pos=114&ao=442588&s=58&guid=0000016b6cec16fc991e1a599f54a02c&src=GD_JOB_AD&t=SR&extid=1&exst=OL&ist=&ast=OL&vt=w&slr=true&cs=1_373ebe4e&cb=1560900540844&jobListingId=3001687883"
"Application Engineer","","CA","San Francisco","","San Francisco, CA","https://www.glassdoor.com/partner/jobListing.htm?pos=115&ao=182759&s=58&guid=0000016b6cec16fc991e1a599f54a02c&src=GD_JOB_AD&t=SR&extid=1&exst=OL&ist=&ast=OL&vt=w&slr=true&cs=1_08eee404&cb=1560900540845&jobListingId=3269374186"
"Hardware Engineer","","CA","San Francisco","","San Francisco, CA","https://www.glassdoor.com/partner/jobListing.htm?pos=116&ao=651505&s=58&guid=0000016b6cec16fc991e1a599f54a02c&src=GD_JOB_AD&t=SR&extid=1&exst=OL&ist=&ast=OL&vt=w&slr=true&ea=1&cs=1_21ff0ac1&cb=1560900540846&jobListingId=3171110709"
"Field Applications Engineer, Energy Products","","CA","San Rafael","","San Rafael, CA","https://www.glassdoor.com/partner/jobListing.htm?pos=117&ao=182759&s=58&guid=0000016b6cec16fc991e1a599f54a02c&src=GD_JOB_AD&t=SR&extid=1&exst=OL&ist=&ast=OL&vt=w&slr=true&cs=1_5d3472c3&cb=1560900540848&jobListingId=3267710329"
"RF Field Engineer Interference Hunting","","CA","South San Francisco","","South San Francisco, CA","https://www.glassdoor.com/partner/jobListing.htm?pos=118&ao=4347&s=58&guid=0000016b6cec16fc991e1a599f54a02c&src=GD_JOB_AD&t=SR&extid=1&exst=OL&ist=&ast=OL&vt=w&slr=true&cs=1_cadb7a2e&cb=1560900540848&jobListingId=3125311459"
"Audio Enhancement and Signal Processing Engineer","","CA","San Francisco","","San Francisco, CA","https://www.glassdoor.com/partner/jobListing.htm?pos=119&ao=665398&s=58&guid=0000016b6cec16fc991e1a599f54a02c&src=GD_JOB_AD&t=SR&extid=1&exst=OL&ist=&ast=OL&vt=w&slr=true&cs=1_708bfd61&cb=1560900540849&jobListingId=3024451103"
"Back-End Application Engineer","","CA","San Francisco","","San Francisco, CA","https://www.glassdoor.com/partner/jobListing.htm?pos=120&ao=86072&s=58&guid=0000016b6cec16fc991e1a599f54a02c&src=GD_JOB_AD&t=SR&extid=1&exst=OL&ist=&ast=OL&vt=w&slr=true&cs=1_3572b488&cb=1560900540850&jobListingId=3259124499"
"Back-End Application Engineer","","CA","San Francisco","","San Francisco, CA","https://www.glassdoor.com/partner/jobListing.htm?pos=121&ao=8095&s=58&guid=0000016b6cec16fc991e1a599f54a02c&src=GD_JOB_AD&t=SR&extid=1&exst=OL&ist=&ast=OL&vt=w&slr=true&cs=1_59f396ba&cb=1560900540851&jobListingId=3047749227"
"Application Engineer","","CA","Foster City","","Foster City, CA","https://www.glassdoor.com/partner/jobListing.htm?pos=122&ao=283198&s=58&guid=0000016b6cec16fc991e1a599f54a02c&src=GD_JOB_AD&t=SR&extid=1&exst=OL&ist=&ast=OL&vt=w&slr=true&cs=1_f04e8e5d&cb=1560900540852&jobListingId=3118874157"
"FAST Rotation Program - Analog Field Applications Engineer track","","CA","San Francisco","","San Francisco, CA","https://www.glassdoor.com/partner/jobListing.htm?pos=123&ao=3839&s=58&guid=0000016b6cec16fc991e1a599f54a02c&src=GD_JOB_AD&t=SR&extid=1&exst=OL&ist=&ast=OL&vt=w&slr=true&cs=1_55488da7&cb=1560900540853&jobListingId=3106841808"
"Hardware Sustaining Engineer","","CA","San Francisco","","San Francisco, CA","https://www.glassdoor.com/partner/jobListing.htm?pos=124&ao=484412&s=58&guid=0000016b6cec16fc991e1a599f54a02c&src=GD_JOB_AD&t=SR&extid=1&exst=OL&ist=&ast=OL&vt=w&slr=true&ea=1&cs=1_c1973c68&cb=1560900540854&jobListingId=3133381755"
"Senior Electrical Engineer","","CA","San Francisco","","San Francisco, CA","https://www.glassdoor.com/partner/jobListing.htm?pos=125&ao=682947&s=58&guid=0000016b6cec16fc991e1a599f54a02c&src=GD_JOB_AD&t=SR&extid=1&exst=OL&ist=&ast=OL&vt=w&slr=true&cs=1_00d9500e&cb=1560900540855&jobListingId=3051765114"
"Escalations Engineer - San Francisco/Chicago","","CA","San Francisco","","San Francisco, CA","https://www.glassdoor.com/partner/jobListing.htm?pos=126&ao=484412&s=58&guid=0000016b6cec16fc991e1a599f54a02c&src=GD_JOB_AD&t=SR&extid=1&exst=OL&ist=&ast=OL&vt=w&slr=true&ea=1&cs=1_56dcebad&cb=1560900540856&jobListingId=3195560343"
"Application Engineer, Business Technology","","CA","San Francisco","","San Francisco, CA","https://www.glassdoor.com/partner/jobListing.htm?pos=127&ao=4120&s=58&guid=0000016b6cec16fc991e1a599f54a02c&src=GD_JOB_AD&t=SR&extid=1&exst=OL&ist=&ast=OL&vt=w&slr=true&cs=1_e08b8ecc&cb=1560900540857&jobListingId=3231275608"
"Application Engineer","","CA","Burlingame","","Burlingame, CA","https://www.glassdoor.com/partner/jobListing.htm?pos=128&ao=215203&s=58&guid=0000016b6cec16fc991e1a599f54a02c&src=GD_JOB_AD&t=SR&extid=1&exst=OL&ist=&ast=OL&vt=w&slr=true&cs=1_d312191d&cb=1560900540858&jobListingId=2739668371"
