"Name","Company","State","City","Salary","Location","Url"
"5G mmWave RF Field Application Engineer","","CA","San Jose","","San Jose, CA","https://www.glassdoor.com/partner/jobListing.htm?pos=101&ao=371195&s=149&guid=0000016b6cecc4998cd76b803b3334e8&src=GD_JOB_AD&t=SRFJ&extid=4&exst=OL&ist=&ast=OL&vt=w&slr=true&cs=1_cb6dafd5&cb=1560900585350&jobListingId=3063149176"
"RF Test Engineer","","CA","Santa Clara","","Santa Clara, CA","https://www.glassdoor.com/partner/jobListing.htm?pos=102&ao=676175&s=149&guid=0000016b6cecc4998cd76b803b3334e8&src=GD_JOB_AD&t=SRFJ&extid=4&exst=OL&ist=&ast=OL&vt=w&slr=true&ea=1&cs=1_91944f2e&cb=1560900585352&jobListingId=3238967466"
"Applications Engineer","","CA","Mountain View","","Mountain View, CA","https://www.glassdoor.com/partner/jobListing.htm?pos=101&ao=182503&s=58&guid=0000016b6cecc499b68de6cbda21754d&src=GD_JOB_AD&t=SR&extid=1&exst=OL&ist=&ast=OL&vt=w&slr=true&cs=1_a8e148b8&cb=1560900585353&jobListingId=3262091125"
"Sr Staff Applications Engineer","","CA","Mountain View","","Mountain View, CA","https://www.glassdoor.com/partner/jobListing.htm?pos=102&ao=182503&s=58&guid=0000016b6cecc499b68de6cbda21754d&src=GD_JOB_AD&t=SR&extid=1&exst=OL&ist=&ast=OL&vt=w&slr=true&cs=1_e47352aa&cb=1560900585354&jobListingId=3144215965"
"Applications Engineer - Formality","","CA","Mountain View","","Mountain View, CA","https://www.glassdoor.com/partner/jobListing.htm?pos=103&ao=182503&s=58&guid=0000016b6cecc499b68de6cbda21754d&src=GD_JOB_AD&t=SR&extid=1&exst=OL&ist=&ast=OL&vt=w&slr=true&cs=1_926ac100&cb=1560900585355&jobListingId=3185825277"
"Senior RF Engineer","","CA","Cupertino","","Cupertino, CA","https://www.glassdoor.com/partner/jobListing.htm?pos=104&ao=692330&s=58&guid=0000016b6cecc499b68de6cbda21754d&src=GD_JOB_AD&t=SR&extid=1&exst=OL&ist=&ast=OL&vt=w&slr=true&ea=1&cs=1_062168b0&cb=1560900585356&jobListingId=3243814502"
"Formality Product Applications Engineer","","CA","Mountain View","","Mountain View, CA","https://www.glassdoor.com/partner/jobListing.htm?pos=105&ao=182503&s=58&guid=0000016b6cecc499b68de6cbda21754d&src=GD_JOB_AD&t=SR&extid=1&exst=OL&ist=&ast=OL&vt=w&slr=true&cs=1_e119c29e&cb=1560900585357&jobListingId=3063808855"
"Staff Applications Engineer","","CA","Mountain View","","Mountain View, CA","https://www.glassdoor.com/partner/jobListing.htm?pos=106&ao=182503&s=58&guid=0000016b6cecc499b68de6cbda21754d&src=GD_JOB_AD&t=SR&extid=1&exst=OL&ist=&ast=OL&vt=w&slr=true&cs=1_3d2ada8f&cb=1560900585358&jobListingId=3144215967"
"RF Systems Hardware Engineer","","CA","Cupertino","","Cupertino, CA","https://www.glassdoor.com/partner/jobListing.htm?pos=107&ao=602504&s=58&guid=0000016b6cecc499b68de6cbda21754d&src=GD_JOB_AD&t=SR&extid=1&exst=OL&ist=&ast=OL&vt=w&slr=true&cs=1_0688a808&cb=1560900585359&jobListingId=3261787240"
"Staff Mm-Wave/RF PLL IC Engineer","","CA","Cupertino","","Cupertino, CA","https://www.glassdoor.com/partner/jobListing.htm?pos=108&ao=692330&s=58&guid=0000016b6cecc499b68de6cbda21754d&src=GD_JOB_AD&t=SR&extid=1&exst=OL&ist=&ast=OL&vt=w&slr=true&ea=1&cs=1_5cc4c433&cb=1560900585360&jobListingId=3243863286"
"Senior Telematics Hardware RF Engineer","","CA","Newark","","Newark, CA","https://www.glassdoor.com/partner/jobListing.htm?pos=109&ao=148364&s=58&guid=0000016b6cecc499b68de6cbda21754d&src=GD_JOB_AD&t=SR&extid=1&exst=OL&ist=&ast=OL&vt=w&slr=true&cs=1_180f6f51&cb=1560900585361&jobListingId=3264793624"
"Software Application Engineer III","","CA","Pleasanton","","Pleasanton, CA","https://www.glassdoor.com/partner/jobListing.htm?pos=110&ao=615587&s=58&guid=0000016b6cecc499b68de6cbda21754d&src=GD_JOB_AD&t=SR&extid=1&exst=OL&ist=&ast=OL&vt=w&slr=true&cs=1_4e1857f1&cb=1560900585362&jobListingId=3268955248"
"Applications Engineer, Principal","","CA","Santa Clara","","Santa Clara, CA","https://www.glassdoor.com/partner/jobListing.htm?pos=111&ao=652361&s=58&guid=0000016b6cecc499b68de6cbda21754d&src=GD_JOB_AD&t=SR&extid=1&exst=OL&ist=&ast=OL&vt=w&slr=true&cs=1_96cc2d07&cb=1560900585363&jobListingId=3217306085"
"Laser Applications Engineer","","CA","Santa Clara","","Santa Clara, CA","https://www.glassdoor.com/partner/jobListing.htm?pos=112&ao=277942&s=58&guid=0000016b6cecc499b68de6cbda21754d&src=GD_JOB_AD&t=SR&extid=1&exst=OL&ist=&ast=OL&vt=w&slr=true&cs=1_e4aacbac&cb=1560900585364&jobListingId=3181651086"
"RF Integrity Engineer","","CA","Cupertino","","Cupertino, CA","https://www.glassdoor.com/partner/jobListing.htm?pos=113&ao=602504&s=58&guid=0000016b6cecc499b68de6cbda21754d&src=GD_JOB_AD&t=SR&extid=1&exst=OL&ist=&ast=OL&vt=w&slr=true&cs=1_734730b1&cb=1560900585365&jobListingId=3194360599"
"Mechanical Design Engineer","","CA","San Jose","","San Jose, CA","https://www.glassdoor.com/partner/jobListing.htm?pos=114&ao=672523&s=58&guid=0000016b6cecc499b68de6cbda21754d&src=GD_JOB_AD&t=SR&extid=1&exst=OL&ist=&ast=OL&vt=w&slr=true&cs=1_bbec30c3&cb=1560900585366&jobListingId=3221774419"
"RF Test Engineering Technician (2nd Shift , 4PM to 12:30AM)","","CA","San Jose","","San Jose, CA","https://www.glassdoor.com/partner/jobListing.htm?pos=115&ao=621961&s=58&guid=0000016b6cecc499b68de6cbda21754d&src=GD_JOB_AD&t=SR&extid=1&exst=OL&ist=&ast=OL&vt=w&slr=true&cs=1_c26d4de6&cb=1560900585367&jobListingId=3267420128"
"RF Design Engineer - PA, Front End Module and RF Switches","","CA","San Jose","","San Jose, CA","https://www.glassdoor.com/partner/jobListing.htm?pos=116&ao=621961&s=58&guid=0000016b6cecc499b68de6cbda21754d&src=GD_JOB_AD&t=SR&extid=1&exst=OL&ist=&ast=OL&vt=w&slr=true&cs=1_950e7236&cb=1560900585368&jobListingId=3266304296"
"Senior RF Design Engineer â RF PLL Emphasis","","CA","Santa Clara","","Santa Clara, CA","https://www.glassdoor.com/partner/jobListing.htm?pos=117&ao=359521&s=58&guid=0000016b6cecc499b68de6cbda21754d&src=GD_JOB_AD&t=SR&extid=1&exst=OL&ist=&ast=OL&vt=w&slr=true&cs=1_361274b8&cb=1560900585369&jobListingId=3267258780"
"RF Desense Hardware Engineer","","CA","Mountain View","","Mountain View, CA","https://www.glassdoor.com/partner/jobListing.htm?pos=118&ao=37049&s=58&guid=0000016b6cecc499b68de6cbda21754d&src=GD_JOB_AD&t=SR&extid=1&exst=OL&ist=&ast=OL&vt=w&slr=true&cs=1_b75e495e&cb=1560900585370&jobListingId=3062953341"
"Applications Engineer","","CA","Fremont","","Fremont, CA","https://www.glassdoor.com/partner/jobListing.htm?pos=119&ao=201331&s=58&guid=0000016b6cecc499b68de6cbda21754d&src=GD_JOB_AD&t=SR&extid=1&exst=OL&ist=&ast=OL&vt=w&slr=true&cs=1_dd8ec1d7&cb=1560900585371&jobListingId=3230222298"
"Compliance Safety Engineer","","CA","Newark","","Newark, CA","https://www.glassdoor.com/partner/jobListing.htm?pos=120&ao=677422&s=58&guid=0000016b6cecc499b68de6cbda21754d&src=GD_JOB_AD&t=SR&extid=1&exst=OL&ist=&ast=OL&vt=w&slr=true&ea=1&cs=1_5cd40e78&cb=1560900585372&jobListingId=2980788932"
"Application Engineer, Google Fiber","","CA","Mountain View","","Mountain View, CA","https://www.glassdoor.com/partner/jobListing.htm?pos=121&ao=37049&s=58&guid=0000016b6cecc499b68de6cbda21754d&src=GD_JOB_AD&t=SR&extid=1&exst=OL&ist=&ast=OL&vt=w&slr=true&cs=1_cf211874&cb=1560900585373&jobListingId=3093454079"
"Sr. RF Design Engineer","","CA","Santa Clara","","Santa Clara, CA","https://www.glassdoor.com/partner/jobListing.htm?pos=122&ao=676173&s=58&guid=0000016b6cecc499b68de6cbda21754d&src=GD_JOB_AD&t=SR&extid=1&exst=OL&ist=&ast=OL&vt=w&slr=true&ea=1&cs=1_a0d0a176&cb=1560900585374&jobListingId=2972356799"
"Application Engineer - Automated Driving","","CA","Santa Clara","","Santa Clara, CA","https://www.glassdoor.com/partner/jobListing.htm?pos=123&ao=483515&s=58&guid=0000016b6cecc499b68de6cbda21754d&src=GD_JOB_AD&t=SR&extid=1&exst=OL&ist=&ast=OL&vt=w&slr=true&cs=1_5f32fbbe&cb=1560900585375&jobListingId=3149781530"
"RF Systems Hardware Engineer - Multi-radio Coexistence","","CA","Cupertino","","Cupertino, CA","https://www.glassdoor.com/partner/jobListing.htm?pos=124&ao=602504&s=58&guid=0000016b6cecc499b68de6cbda21754d&src=GD_JOB_AD&t=SR&extid=1&exst=OL&ist=&ast=OL&vt=w&slr=true&cs=1_04fbfd27&cb=1560900585376&jobListingId=3243023761"
"R&D Engineer","","CA","Sunnyvale","","Sunnyvale, CA","https://www.glassdoor.com/partner/jobListing.htm?pos=125&ao=14295&s=58&guid=0000016b6cecc499b68de6cbda21754d&src=GD_JOB_AD&t=SR&extid=1&exst=OL&ist=&ast=OL&vt=w&slr=true&ea=1&cs=1_128fd7d8&cb=1560900585377&jobListingId=2852876955"
"Field Application Engineer","","CA","San Jose","","San Jose, CA","https://www.glassdoor.com/partner/jobListing.htm?pos=126&ao=662387&s=58&guid=0000016b6cecc499b68de6cbda21754d&src=GD_JOB_AD&t=SR&extid=1&exst=OL&ist=&ast=OL&vt=w&slr=true&ea=1&cs=1_4c0165af&cb=1560900585378&jobListingId=3052149323"
"Principal Application Engineer","","CA","Santa Clara","","Santa Clara, CA","https://www.glassdoor.com/partner/jobListing.htm?pos=127&ao=483515&s=58&guid=0000016b6cecc499b68de6cbda21754d&src=GD_JOB_AD&t=SR&extid=1&exst=OL&ist=&ast=OL&vt=w&slr=true&cs=1_d93429b6&cb=1560900585379&jobListingId=3223987545"
"RF Reliability Engineer","","CA","Cupertino","","Cupertino, CA","https://www.glassdoor.com/partner/jobListing.htm?pos=128&ao=602504&s=58&guid=0000016b6cecc499b68de6cbda21754d&src=GD_JOB_AD&t=SR&extid=1&exst=OL&ist=&ast=OL&vt=w&slr=true&cs=1_03746d6e&cb=1560900585381&jobListingId=3194362012"
